Name,Age,Pos,Arb.Status,Salary,Team,G,PA,HR,R,RBI,SB,BB%,K%,ISO,BABIP,AVG,OBP,SLG,wOBA,wRC+,EV,BsR,Off,Def,WAR
Giancarlo Stanton,30,DH,Vet,26000000,New-York-Yankees,23.0,94.0,4.0,12.0,11.0,1.0,16.0,28.7,0.25,0.33299999999999996,0.25,0.387,0.5,0.379,143.0,91.1,-1.1,3.8,-2.5,0.4
Brett Gardner,36,CF,Vet,10000000,New-York-Yankees,49.0,158.0,5.0,20.0,15.0,3.0,16.5,22.2,0.16899999999999998,0.264,0.223,0.354,0.392,0.332,110.0,89.2,0.3,2.3,-0.2,0.6
Aaron Hicks,30,CF,Vet,10785714,New-York-Yankees,54.0,211.0,6.0,28.0,21.0,4.0,19.4,18.0,0.18899999999999997,0.256,0.225,0.379,0.414,0.35100000000000003,123.0,88.2,2.6,8.7,-3.3,1.1
Aaron Judge,28,RF,Arb 1,8500000,New-York-Yankees,28.0,114.0,9.0,23.0,22.0,0.0,8.8,28.1,0.297,0.28300000000000003,0.257,0.336,0.5539999999999999,0.375,140.0,92.2,0.2,5.8,1.0,0.9
Gary Sanchez,27,C,Arb 1,5000000,New-York-Yankees,49.0,178.0,10.0,19.0,24.0,0.0,10.1,36.0,0.218,0.159,0.147,0.253,0.365,0.271,69.0,91.8,-0.8,-7.7,2.2,-0.1
Giovanny Urshela,28,3B,Pre-Arb,2475000,New-York-Yankees,43.0,174.0,6.0,24.0,30.0,1.0,10.3,14.4,0.192,0.315,0.298,0.368,0.49,0.365,133.0,91.4,-1.1,6.0,6.0,1.6
Gleyber Torres,23,SS,Pre-Arb,675500,New-York-Yankees,42.0,160.0,3.0,17.0,16.0,1.0,13.8,17.5,0.125,0.28600000000000003,0.243,0.35600000000000004,0.368,0.326,106.0,88.6,-0.3,0.9,-3.4,0.2
Luke Voit,29,1B,Pre-Arb,634000,New-York-Yankees,56.0,234.0,22.0,41.0,52.0,0.0,7.3,23.1,0.33299999999999996,0.268,0.27699999999999997,0.33799999999999997,0.61,0.39299999999999996,152.0,88.9,0.1,15.3,-3.2,1.8
Mike Tauchman,29,LF,Pre-Arb,603100,New-York-Yankees,43.0,111.0,0.0,18.0,14.0,6.0,12.6,23.4,0.063,0.32899999999999996,0.242,0.342,0.305,0.28600000000000003,79.0,84.9,1.7,-1.2,-3.4,-0.2
Tyler Wade,25,2B,Pre-Arb,582800,New-York-Yankees,52.0,105.0,3.0,19.0,10.0,4.0,11.4,21.0,0.136,0.188,0.17,0.28800000000000003,0.307,0.271,69.0,86.6,2.2,-1.9,1.8,0.3
Kyle Higashioka,30,C,Pre-Arb,579200,New-York-Yankees,16.0,48.0,4.0,7.0,10.0,0.0,0.0,22.9,0.271,0.242,0.25,0.25,0.521,0.319,102.0,89.7,0.5,0.6,3.1,0.5
Clint Frazier,25,OF,Pre-Arb,588100,New-York-Yankees,39.0,160.0,8.0,24.0,26.0,3.0,15.6,27.5,0.244,0.33799999999999997,0.267,0.39399999999999996,0.511,0.38799999999999996,149.0,89.4,0.1,9.8,-0.3,1.3
Mookie Betts,27,RF,Arb 3,32000000,Los-Angeles-Dodgers,55.0,246.0,16.0,47.0,39.0,10.0,9.8,15.4,0.26899999999999996,0.289,0.292,0.366,0.562,0.39,149.0,90.7,3.3,18.6,3.1,3.0
Justin Turner,35,3B,Vet,20000000,Los-Angeles-Dodgers,42.0,175.0,4.0,26.0,23.0,1.0,10.3,14.9,0.153,0.34700000000000003,0.307,0.4,0.46,0.376,140.0,90.3,-0.5,8.4,-1.3,1.3
A.J. Pollock,32,LF,Vet,15000000,Los-Angeles-Dodgers,55.0,210.0,16.0,30.0,34.0,2.0,5.7,21.4,0.29100000000000004,0.27699999999999997,0.276,0.314,0.5660000000000001,0.364,132.0,89.6,-2.0,6.6,-3.9,1.0
Cody Bellinger,24,CF,Arb 1,11500000,Los-Angeles-Dodgers,56.0,243.0,12.0,33.0,30.0,6.0,12.3,17.3,0.21600000000000003,0.245,0.239,0.33299999999999996,0.455,0.337,114.0,89.3,0.5,4.9,-0.9,1.2
Joc Pederson,28,LF,Arb 3,7750000,Los-Angeles-Dodgers,43.0,138.0,7.0,21.0,16.0,1.0,8.0,24.6,0.207,0.2,0.19,0.285,0.397,0.297,88.0,92.9,-2.1,-4.2,-1.4,-0.1
Corey Seager,26,SS,Arb 2,7600000,Los-Angeles-Dodgers,52.0,232.0,15.0,38.0,41.0,1.0,7.3,15.9,0.278,0.309,0.307,0.358,0.585,0.39399999999999996,151.0,93.2,-1.8,13.5,-2.5,1.9
Enrique Hernandez,28,CF,Arb 3,5900000,Los-Angeles-Dodgers,48.0,148.0,5.0,20.0,20.0,0.0,4.1,20.9,0.18,0.26,0.23,0.27,0.41,0.29,83.0,88.5,-1.1,-4.4,-2.0,-0.1
Chris Taylor,29,2B,Arb 2,5600000,Los-Angeles-Dodgers,56.0,214.0,8.0,30.0,32.0,3.0,12.1,25.7,0.205,0.344,0.27,0.366,0.47600000000000003,0.364,131.0,88.0,-0.9,7.8,-0.4,1.5
Max Muncy,29,1B,Arb 1,2500000,Los-Angeles-Dodgers,58.0,248.0,12.0,36.0,27.0,1.0,15.7,24.2,0.19699999999999998,0.203,0.192,0.331,0.389,0.316,100.0,88.5,-0.4,-0.3,-4.3,0.4
Austin Barnes,30,C,Arb 1,1100000,Los-Angeles-Dodgers,29.0,104.0,1.0,14.0,9.0,3.0,12.5,23.1,0.07,0.32299999999999995,0.244,0.353,0.314,0.306,94.0,86.9,1.7,0.9,4.2,0.9
Will Smith,25,C,Pre-Arb,573500,Los-Angeles-Dodgers,37.0,137.0,8.0,23.0,25.0,0.0,14.6,16.1,0.289,0.294,0.289,0.401,0.579,0.41100000000000003,163.0,90.8,-1.3,9.6,-1.4,1.3
Edwin Rios,26,1B,Pre-Arb,566000,Los-Angeles-Dodgers,32.0,83.0,8.0,13.0,17.0,0.0,4.8,21.7,0.395,0.21600000000000003,0.25,0.301,0.645,0.385,145.0,91.5,-0.6,4.2,-1.4,0.6
Gavin Lux,22,2B,Pre-Arb,566000,Los-Angeles-Dodgers,19.0,69.0,3.0,8.0,8.0,1.0,8.7,27.5,0.175,0.195,0.175,0.24600000000000002,0.349,0.259,63.0,87.1,0.9,-2.4,-1.9,-0.2
Jason Heyward,30,RF,Vet,23500000,Chicago-Cubs,50.0,181.0,6.0,20.0,22.0,2.0,16.6,20.4,0.19,0.311,0.265,0.392,0.456,0.368,130.0,87.6,1.9,8.9,1.2,1.8
Kris Bryant,28,3B,Arb 3,18600000,Chicago-Cubs,34.0,147.0,4.0,20.0,11.0,0.0,8.2,27.2,0.145,0.264,0.20600000000000002,0.293,0.35100000000000003,0.285,76.0,86.1,1.7,-2.8,1.0,0.5
Anthony Rizzo,30,1B,Vet,16500000,Chicago-Cubs,58.0,243.0,11.0,26.0,24.0,3.0,11.5,15.6,0.192,0.218,0.222,0.342,0.414,0.326,103.0,87.7,-0.4,0.5,-0.2,1.1
Javier Baez,27,SS,Arb 2,10000000,Chicago-Cubs,59.0,235.0,8.0,27.0,24.0,3.0,3.0,31.9,0.158,0.262,0.203,0.23800000000000002,0.36,0.256,57.0,89.4,-0.4,-13.5,2.7,0.0
Kyle Schwarber,27,LF,Arb 2,7010000,Chicago-Cubs,59.0,224.0,11.0,30.0,24.0,1.0,13.4,29.5,0.204,0.21899999999999997,0.188,0.308,0.39299999999999996,0.307,90.0,92.8,0.4,-2.4,-3.7,0.4
Willson Contreras,28,C,Arb 1,4500000,Chicago-Cubs,57.0,225.0,7.0,37.0,26.0,1.0,8.9,25.3,0.16399999999999998,0.307,0.243,0.35600000000000004,0.40700000000000003,0.336,109.0,89.8,-0.8,1.9,4.6,1.6
Jason Kipnis,33,2B,Vet,1000000,Chicago-Cubs,44.0,135.0,3.0,13.0,16.0,1.0,13.3,30.4,0.16699999999999998,0.33299999999999996,0.237,0.341,0.40399999999999997,0.326,102.0,86.2,1.1,1.5,-1.2,0.6
David Bote,27,2B,Pre-Arb,960000,Chicago-Cubs,45.0,145.0,7.0,15.0,29.0,2.0,11.7,27.6,0.20800000000000002,0.228,0.2,0.303,0.408,0.309,92.0,92.4,0.2,-1.4,-0.8,0.4
Cameron Maybin,33,RF,Vet,1500000,Chicago-Cubs,32.0,101.0,1.0,8.0,7.0,3.0,6.9,24.8,0.14,0.32799999999999996,0.247,0.307,0.387,0.302,88.0,87.8,-0.1,-1.6,-0.5,0.2
Ian Happ,25,CF,Pre-Arb,624000,Chicago-Cubs,57.0,231.0,12.0,27.0,28.0,1.0,13.0,27.3,0.247,0.317,0.258,0.361,0.505,0.369,131.0,91.1,0.2,9.4,-0.3,1.9
Victor Caratini,26,C,Pre-Arb,592000,Chicago-Cubs,44.0,132.0,1.0,10.0,16.0,0.0,9.1,23.5,0.086,0.321,0.24100000000000002,0.33299999999999996,0.32799999999999996,0.297,84.0,87.9,-1.0,-3.8,0.5,0.2
Nico Hoerner,23,SS,Pre-Arb,565000,Chicago-Cubs,48.0,126.0,0.0,19.0,13.0,3.0,9.5,19.0,0.037000000000000005,0.27899999999999997,0.222,0.312,0.259,0.265,63.0,87.5,0.7,-5.3,3.1,0.3
Billy Hamilton,29,CF,Vet,1000000,Chicago-Cubs,31.0,36.0,1.0,10.0,2.0,6.0,5.6,19.4,0.094,0.12,0.125,0.171,0.21899999999999997,0.172,3.0,82.2,1.2,-3.3,2.8,0.1
Ildemaro Vargas,28,2B,Pre-Arb,572600,Chicago-Cubs,24.0,54.0,1.0,6.0,3.0,0.0,3.7,18.5,0.11800000000000001,0.22,0.196,0.222,0.314,0.22899999999999998,39.0,85.3,-0.1,-4.3,-0.9,-0.3
J.D. Martinez,32,DH,Vet,23750000,Boston-Red-Sox,54.0,237.0,7.0,22.0,27.0,1.0,9.3,24.9,0.175,0.259,0.213,0.29100000000000004,0.389,0.29,77.0,89.5,-1.0,-7.8,-8.6,-1.0
Xander Bogaerts,27,SS,Vet,20000000,Boston-Red-Sox,56.0,225.0,11.0,36.0,28.0,8.0,9.3,18.2,0.20199999999999999,0.32899999999999996,0.3,0.364,0.502,0.368,130.0,89.0,2.7,11.1,2.4,1.9
Jackie Bradley Jr.,30,CF,Arb 4,11000000,Boston-Red-Sox,55.0,217.0,7.0,32.0,22.0,5.0,10.6,22.1,0.168,0.34299999999999997,0.28300000000000003,0.364,0.45,0.35200000000000004,119.0,88.3,1.3,6.5,2.6,1.4
Christian Vazquez,29,C,Arb 3,4200000,Boston-Red-Sox,47.0,189.0,7.0,22.0,23.0,4.0,8.5,22.8,0.17300000000000001,0.341,0.28300000000000003,0.344,0.457,0.34600000000000003,115.0,88.4,-2.7,0.8,8.3,1.4
Kevin Plawecki,29,C,Arb 2,1000000,Boston-Red-Sox,24.0,89.0,1.0,8.0,17.0,1.0,5.6,15.7,0.122,0.40299999999999997,0.341,0.39299999999999996,0.46299999999999997,0.373,134.0,88.9,-2.2,1.5,-0.7,0.3
Rafael Devers,23,3B,Pre-Arb,692500,Boston-Red-Sox,57.0,248.0,11.0,32.0,43.0,0.0,5.2,27.0,0.22,0.325,0.263,0.31,0.483,0.337,109.0,93.0,0.9,3.7,-4.8,0.5
Alex Verdugo,24,RF,Pre-Arb,601500,Boston-Red-Sox,53.0,221.0,6.0,36.0,15.0,4.0,7.7,20.4,0.16899999999999998,0.371,0.308,0.36700000000000005,0.478,0.36200000000000004,126.0,87.0,1.1,8.2,2.3,1.6
Michael Chavis,24,2B,Pre-Arb,571000,Boston-Red-Sox,42.0,158.0,5.0,16.0,19.0,3.0,5.1,31.6,0.16399999999999998,0.28,0.212,0.259,0.377,0.272,65.0,88.3,-0.5,-7.4,-4.1,-0.7
Tzu-Wei Lin,26,SS,Pre-Arb,570000,Boston-Red-Sox,26.0,57.0,0.0,2.0,3.0,0.0,3.5,29.8,0.019,0.222,0.154,0.182,0.17300000000000001,0.16,-12.0,85.5,0.3,-7.6,0.8,-0.5
Jonathan Arauz,21,SS,Pre-Arb,563500,Boston-Red-Sox,25.0,80.0,1.0,8.0,9.0,0.0,10.0,26.3,0.069,0.34,0.25,0.325,0.319,0.29100000000000004,78.0,85.6,0.4,-1.8,-0.1,0.0
Christian Arroyo,25,SS,Pre-Arb,565500,Boston-Red-Sox,15.0,54.0,3.0,7.0,8.0,0.0,7.4,20.4,0.2,0.25,0.24,0.29600000000000004,0.44,0.315,94.0,89.9,-0.2,-0.6,0.4,0.1
Bobby Dalbec,25,3B,Pre-Arb,563500,Boston-Red-Sox,23.0,92.0,8.0,13.0,16.0,0.0,10.9,42.4,0.33799999999999997,0.39399999999999996,0.263,0.359,0.6,0.4,152.0,89.9,0.2,6.2,-2.2,0.6
Cesar Puello,29,RF,Pre-Arb,563500,Boston-Red-Sox,5.0,11.0,0.0,1.0,0.0,0.0,18.2,18.2,0.0,0.5,0.375,0.5,0.375,0.405,155.0,92.3,0.0,0.7,-0.1,0.1
Andrew Benintendi,25,LF,Arb 1,3400000,Boston-Red-Sox,14.0,52.0,0.0,4.0,1.0,1.0,21.2,32.7,0.026000000000000002,0.182,0.10300000000000001,0.314,0.128,0.24100000000000002,43.0,85.1,-0.6,-4.2,-2.1,-0.5
Yairo Munoz,25,SS,Pre-Arb,575000,Boston-Red-Sox,12.0,45.0,1.0,6.0,4.0,2.0,0.0,24.4,0.17800000000000002,0.424,0.33299999999999996,0.33299999999999996,0.511,0.358,123.0,89.2,-0.3,1.0,0.2,0.2
Jose Altuve,30,2B,Vet,29000000,Houston-Astros,48.0,210.0,5.0,32.0,18.0,2.0,8.1,18.6,0.125,0.25,0.21899999999999997,0.28600000000000003,0.344,0.278,77.0,86.7,0.4,-5.7,-0.1,0.2
George Springer,30,CF,Arb 4,21000000,Houston-Astros,51.0,222.0,14.0,37.0,32.0,1.0,10.8,17.1,0.275,0.259,0.265,0.359,0.54,0.379,146.0,88.7,1.3,13.9,-2.2,1.9
Michael Brantley,33,LF,Vet,16000000,Houston-Astros,46.0,187.0,5.0,24.0,22.0,2.0,9.1,15.0,0.17600000000000002,0.336,0.3,0.364,0.47600000000000003,0.36200000000000004,134.0,88.7,-1.6,6.3,0.7,1.3
Alex Bregman,26,3B,Arb 1,12666666,Houston-Astros,42.0,180.0,6.0,19.0,22.0,0.0,13.3,14.4,0.209,0.254,0.242,0.35,0.451,0.345,122.0,88.9,-0.5,4.4,-1.3,0.9
Josh Reddick,33,RF,Vet,13000000,Houston-Astros,56.0,210.0,4.0,22.0,23.0,1.0,9.5,20.0,0.133,0.294,0.245,0.316,0.37799999999999995,0.304,95.0,85.9,-2.0,-3.4,-10.5,-0.6
Carlos Correa,25,SS,Arb 2,8000000,Houston-Astros,58.0,221.0,5.0,22.0,25.0,0.0,7.2,22.2,0.11900000000000001,0.324,0.264,0.326,0.38299999999999995,0.308,97.0,88.6,-0.2,-1.0,1.8,0.9
Martin Maldonado,33,C,Vet,3500000,Houston-Astros,47.0,165.0,6.0,19.0,24.0,1.0,16.4,30.9,0.163,0.295,0.215,0.35,0.37799999999999995,0.326,110.0,86.1,-2.2,-0.3,1.2,0.7
Aledmys Diaz,29,SS,Arb 1,2600000,Houston-Astros,17.0,59.0,3.0,8.0,6.0,0.0,1.7,20.3,0.24100000000000002,0.256,0.24100000000000002,0.254,0.483,0.307,97.0,87.3,0.3,0.0,-0.5,0.2
Dustin Garneau,32,C,Pre-Arb,659300,Houston-Astros,17.0,46.0,1.0,4.0,4.0,0.0,13.0,32.6,0.132,0.22699999999999998,0.158,0.273,0.289,0.256,62.0,88.2,0.1,-2.1,0.2,0.0
Myles Straw,25,CF,Pre-Arb,571300,Houston-Astros,33.0,86.0,0.0,8.0,8.0,6.0,4.7,25.6,0.049,0.28300000000000003,0.207,0.244,0.256,0.223,39.0,87.4,1.0,-5.4,-1.4,-0.4
Kyle Tucker,23,LF,Pre-Arb,568700,Houston-Astros,58.0,228.0,9.0,33.0,42.0,8.0,7.9,20.2,0.244,0.303,0.268,0.325,0.512,0.349,125.0,91.1,3.2,10.3,-2.5,1.6
Jack Mayfield,29,2B,Pre-Arb,563500,Houston-Astros,21.0,47.0,0.0,5.0,3.0,0.0,4.3,29.8,0.024,0.276,0.19,0.239,0.214,0.207,28.0,87.4,-0.2,-4.4,0.1,-0.2
Luis Garcia,23,RP,Pre-Arb,18690,Houston-Astros,40.0,139.0,2.0,18.0,16.0,1.0,3.6,20.9,0.09,0.34,0.276,0.302,0.366,0.29100000000000004,77.0,83.4,-0.6,-4.7,-3.2,-0.4
Yordan Alvarez,23,DH,Pre-Arb,607000,Houston-Astros,2.0,9.0,1.0,2.0,4.0,0.0,0.0,11.1,0.375,0.16699999999999998,0.25,0.33299999999999996,0.625,0.39899999999999997,159.0,98.6,-0.2,0.5,-0.2,0.1
Robinson Cano,37,2B,Vet,24000000,New-York-Mets,49.0,182.0,10.0,23.0,30.0,0.0,4.9,13.2,0.228,0.319,0.316,0.35200000000000004,0.544,0.376,141.0,90.4,-1.5,8.1,0.8,1.3
Wilson Ramos,32,C,Vet,10436000,New-York-Mets,45.0,155.0,5.0,13.0,15.0,0.0,6.5,20.0,0.14800000000000002,0.271,0.239,0.297,0.387,0.297,89.0,89.0,-2.2,-4.4,2.0,0.2
Robinson Chirinos,36,C,Vet,5750000,New-York-Mets,26.0,82.0,1.0,4.0,7.0,0.0,7.3,25.6,0.081,0.20800000000000002,0.162,0.23199999999999998,0.243,0.21600000000000003,26.0,84.5,-2.4,-9.9,-1.8,-0.9
Brandon Nimmo,27,CF,Arb 1,2175000,New-York-Mets,55.0,225.0,8.0,33.0,18.0,1.0,14.7,19.1,0.204,0.326,0.28,0.40399999999999997,0.484,0.387,148.0,87.2,0.0,13.8,-4.0,1.5
Todd Frazier,34,3B,Vet,3500000,New-York-Mets,45.0,172.0,4.0,16.0,12.0,1.0,6.4,24.4,0.146,0.297,0.23600000000000002,0.302,0.382,0.3,82.0,87.8,-0.8,-4.6,-2.4,-0.1
Pete Alonso,25,1B,Pre-Arb,652521,New-York-Mets,57.0,239.0,16.0,31.0,35.0,1.0,10.0,25.5,0.26,0.242,0.231,0.326,0.49,0.342,119.0,90.2,-2.0,3.7,-6.3,0.4
Jeff McNeil,28,3B,Pre-Arb,617676,New-York-Mets,52.0,209.0,4.0,19.0,23.0,0.0,9.6,11.5,0.142,0.335,0.311,0.38299999999999995,0.45399999999999996,0.36,130.0,86.6,-2.5,5.6,0.9,1.2
Amed Rosario,24,SS,Pre-Arb,608780,New-York-Mets,46.0,147.0,4.0,20.0,15.0,0.0,2.7,23.1,0.11900000000000001,0.305,0.252,0.272,0.371,0.27699999999999997,76.0,86.5,-0.5,-5.1,2.7,0.1
J.D. Davis,27,LF,Pre-Arb,592463,New-York-Mets,56.0,229.0,6.0,26.0,19.0,0.0,13.5,24.5,0.142,0.318,0.247,0.371,0.389,0.33899999999999997,117.0,90.1,-2.7,2.2,-3.4,0.5
Dominic Smith,25,1B,Pre-Arb,578826,New-York-Mets,50.0,199.0,10.0,27.0,42.0,0.0,7.0,22.6,0.299,0.368,0.316,0.377,0.616,0.41200000000000003,165.0,89.8,0.6,17.0,-3.8,1.8
Luis Guillorme,25,SS,Pre-Arb,566054,New-York-Mets,30.0,68.0,0.0,6.0,9.0,2.0,14.7,25.0,0.105,0.46299999999999997,0.33299999999999996,0.426,0.439,0.381,144.0,89.8,-0.5,3.4,1.5,0.7
Guillermo Heredia,29,CF,Arb 1,1000000,New-York-Mets,15.0,36.0,2.0,6.0,5.0,1.0,8.3,25.0,0.182,0.22699999999999998,0.212,0.278,0.39399999999999996,0.29100000000000004,83.0,85.9,0.7,-0.1,1.6,0.3
Ryan Cordell,28,LF,Pre-Arb,575000,New-York-Mets,5.0,8.0,0.0,0.0,0.0,1.0,0.0,37.5,0.0,0.2,0.125,0.125,0.125,0.11,-34.0,99.6,0.2,-1.2,0.2,-0.1
Michael Conforto,27,RF,Arb 2,8000000,New-York-Mets,54.0,233.0,9.0,40.0,31.0,3.0,10.3,24.5,0.193,0.41200000000000003,0.322,0.41200000000000003,0.515,0.401,157.0,88.4,-0.2,16.8,-2.3,2.0
Jake Marisnick,29,CF,Arb 4,3312500,New-York-Mets,16.0,34.0,2.0,4.0,5.0,0.0,2.9,29.4,0.273,0.429,0.33299999999999996,0.353,0.606,0.402,158.0,87.1,0.4,2.9,-2.7,0.1
Eduardo Nunez,33,3B,Vet,1250000,New-York-Mets,2.0,2.0,0.0,0.0,0.0,1.0,0.0,0.0,0.0,0.5,0.5,0.5,0.5,0.441,184.0,73.6,0.3,0.5,-0.1,0.0
Rene Rivera,36,C,Vet,1000000,New-York-Mets,2.0,4.0,0.0,0.0,0.0,0.0,0.0,75.0,0.0,1.0,0.25,0.25,0.25,0.221,38.0,103.9,0.0,-0.3,1.0,0.1
Tomas Nido,26,C,Pre-Arb,576826,New-York-Mets,7.0,26.0,2.0,4.0,6.0,0.0,7.7,23.1,0.292,0.313,0.292,0.34600000000000003,0.583,0.389,150.0,88.8,-0.4,1.2,0.8,0.3
Andres Gimenez,21,SS,Pre-Arb,563500,New-York-Mets,49.0,132.0,3.0,22.0,12.0,8.0,5.3,21.2,0.136,0.318,0.263,0.33299999999999996,0.39799999999999996,0.321,105.0,86.8,3.1,3.8,1.2,0.8
Bryce Harper,27,RF,Vet,27538462,Philadelphia-Phillies,58.0,244.0,13.0,41.0,33.0,8.0,20.1,17.6,0.27399999999999997,0.27899999999999997,0.268,0.42,0.542,0.4,151.0,92.3,-0.6,15.2,-5.1,1.6
Andrew McCutchen,33,LF,Vet,17000000,Philadelphia-Phillies,57.0,241.0,10.0,32.0,34.0,4.0,9.1,19.9,0.18,0.281,0.253,0.324,0.433,0.327,103.0,89.6,-1.6,-0.7,-7.6,-0.2
Jean Segura,30,2B,Vet,14850000,Philadelphia-Phillies,54.0,217.0,7.0,28.0,25.0,2.0,10.6,20.7,0.156,0.314,0.266,0.34700000000000003,0.42200000000000004,0.33299999999999996,107.0,88.0,-1.1,0.8,3.3,1.0
Didi Gregorius,30,SS,Vet,14000000,Philadelphia-Phillies,60.0,237.0,10.0,34.0,40.0,3.0,6.3,11.8,0.205,0.285,0.284,0.33899999999999997,0.488,0.348,116.0,83.7,0.4,5.3,2.8,1.4
J.T. Realmuto,29,C,Arb 3,10000000,Philadelphia-Phillies,47.0,195.0,11.0,33.0,32.0,4.0,8.2,24.6,0.225,0.307,0.266,0.349,0.491,0.361,125.0,90.9,2.0,8.2,4.2,1.7
Jay Bruce,33,RF,Vet,14000000,Philadelphia-Phillies,32.0,103.0,6.0,11.0,14.0,0.0,6.8,23.3,0.271,0.19699999999999998,0.198,0.252,0.469,0.297,83.0,89.2,0.2,-2.1,-1.3,-0.1
Scott Kingery,26,3B,Pre-Arb,1750000,Philadelphia-Phillies,36.0,124.0,3.0,12.0,6.0,0.0,7.3,28.2,0.124,0.2,0.159,0.228,0.28300000000000003,0.22699999999999998,37.0,85.9,0.1,-9.9,0.1,-0.6
Andrew Knapp,28,C,Arb 1,710000,Philadelphia-Phillies,33.0,89.0,2.0,9.0,15.0,0.0,16.9,21.3,0.16699999999999998,0.34600000000000003,0.278,0.40399999999999997,0.444,0.37200000000000005,133.0,86.6,-0.2,3.5,-0.9,0.5
Adam Haseley,24,CF,Pre-Arb,569500,Philadelphia-Phillies,40.0,92.0,0.0,7.0,13.0,0.0,7.6,18.5,0.063,0.349,0.278,0.348,0.342,0.305,88.0,87.1,0.2,-1.2,-0.7,0.1
Roman Quinn,27,CF,Pre-Arb,569000,Philadelphia-Phillies,41.0,116.0,2.0,14.0,7.0,12.0,4.3,33.6,0.102,0.313,0.213,0.261,0.315,0.254,54.0,85.9,4.0,-2.7,0.3,0.1
Alec Bohm,23,3B,Pre-Arb,563500,Philadelphia-Phillies,44.0,180.0,4.0,24.0,23.0,1.0,8.9,20.0,0.14400000000000002,0.41,0.33799999999999997,0.4,0.48100000000000004,0.381,138.0,90.5,-0.1,8.7,-1.1,1.2
Rafael Marchan,21,C,Pre-Arb,563500,Philadelphia-Phillies,3.0,9.0,1.0,3.0,3.0,0.0,11.1,22.2,0.375,0.6,0.5,0.556,0.875,0.5920000000000001,277.0,92.2,-0.1,1.9,0.1,0.2
Rhys Hoskins,27,1B,Pre-Arb,605000,Philadelphia-Phillies,41.0,185.0,10.0,35.0,26.0,1.0,15.7,23.2,0.258,0.276,0.245,0.384,0.503,0.382,139.0,90.1,-0.4,8.9,-4.9,0.9
Kyle Garlick,28,RF,Pre-Arb,564500,Philadelphia-Phillies,12.0,23.0,0.0,0.0,3.0,0.0,0.0,30.4,0.045,0.2,0.136,0.174,0.182,0.162,-6.0,87.6,0.2,-2.9,-1.2,-0.3
Trea Turner,27,SS,Arb 2,7450000,Washington-Nationals,59.0,259.0,12.0,46.0,41.0,12.0,8.5,13.9,0.253,0.353,0.335,0.39399999999999996,0.588,0.413,157.0,90.5,2.4,21.4,-0.5,2.7
Kurt Suzuki,36,C,Vet,6000000,Washington-Nationals,33.0,129.0,2.0,15.0,17.0,1.0,8.5,14.7,0.126,0.301,0.27,0.349,0.396,0.326,101.0,84.0,-1.0,-0.9,-2.4,0.0
Yan Gomes,32,C,Vet,4000000,Washington-Nationals,30.0,119.0,4.0,14.0,13.0,1.0,5.0,18.5,0.183,0.314,0.284,0.319,0.46799999999999997,0.332,104.0,89.9,0.1,0.7,-1.4,0.2
Eric Thames,33,1B,Vet,3000000,Washington-Nationals,41.0,140.0,3.0,10.0,12.0,1.0,10.0,30.0,0.114,0.282,0.203,0.3,0.317,0.276,67.0,88.7,-1.1,-6.9,-3.9,-0.7
Asdrubal Cabrera,34,3B,Vet,2685000,Washington-Nationals,52.0,213.0,8.0,23.0,31.0,0.0,8.9,18.8,0.205,0.26,0.242,0.305,0.447,0.319,95.0,89.4,-2.6,-3.9,-2.2,0.0
Josh Harrison,32,2B,Vet,1000000,Washington-Nationals,33.0,91.0,3.0,11.0,14.0,1.0,6.6,13.2,0.139,0.28800000000000003,0.278,0.35200000000000004,0.418,0.335,106.0,83.8,-1.0,-0.2,0.3,0.2
Juan Soto,21,LF,Pre-Arb,629400,Washington-Nationals,47.0,196.0,13.0,39.0,37.0,6.0,20.9,14.3,0.344,0.363,0.35100000000000003,0.49,0.695,0.478,200.0,92.3,-0.5,24.7,-4.9,2.4
Victor Robles,23,CF,Pre-Arb,592800,Washington-Nationals,52.0,189.0,3.0,20.0,15.0,4.0,4.8,28.0,0.095,0.298,0.22,0.293,0.315,0.273,65.0,82.6,1.3,-7.1,-2.9,-0.5
Luis Garcia,20,SS,Pre-Arb,563500,Washington-Nationals,40.0,139.0,2.0,18.0,16.0,1.0,3.6,20.9,0.09,0.34,0.276,0.302,0.366,0.29100000000000004,77.0,83.4,-0.6,-4.7,-3.2,-0.4
Brock Holt,32,2B,Vet,563500,Washington-Nationals,37.0,106.0,0.0,12.0,5.0,1.0,8.5,22.6,0.063,0.278,0.21100000000000002,0.28300000000000003,0.27399999999999997,0.253,52.0,83.3,1.1,-5.3,1.8,0.0
Andrew Stevenson,26,OF,Pre-Arb,563500,Washington-Nationals,15.0,47.0,2.0,11.0,12.0,2.0,10.6,23.4,0.366,0.46399999999999997,0.366,0.447,0.732,0.485,206.0,93.1,0.5,6.8,0.4,0.8
Yadiel Hernandez,32,OF,Pre-Arb,563500,Washington-Nationals,12.0,28.0,1.0,3.0,6.0,0.0,3.6,42.9,0.231,0.28600000000000003,0.192,0.214,0.423,0.26,57.0,88.3,0.2,-1.4,-0.9,-0.1
Jake Noll,26,2B,Pre-Arb,563500,Washington-Nationals,7.0,17.0,0.0,2.0,0.0,0.0,0.0,23.5,0.059000000000000004,0.462,0.353,0.353,0.41200000000000003,0.332,104.0,90.3,0.0,0.1,-0.6,0.0
Adam Eaton,31,RF,Vet,9500000,Washington-Nationals,41.0,176.0,4.0,22.0,17.0,3.0,6.8,18.2,0.157,0.26,0.226,0.285,0.384,0.287,75.0,87.8,-0.3,-6.0,-3.5,-0.5
Starlin Castro,30,2B,Vet,6000000,Washington-Nationals,16.0,63.0,2.0,9.0,4.0,0.0,4.8,20.6,0.183,0.311,0.267,0.302,0.45,0.32,96.0,87.1,0.8,0.5,-2.1,0.0
Howie Kendrick,36,2B,Vet,4000000,Washington-Nationals,25.0,100.0,2.0,11.0,14.0,0.0,7.0,17.0,0.11,0.311,0.275,0.32,0.385,0.298,82.0,88.8,-0.9,-3.2,-2.8,-0.3
Carter Kieboom,22,3B,Pre-Arb,564700,Washington-Nationals,33.0,122.0,0.0,15.0,9.0,0.0,13.9,27.0,0.01,0.299,0.20199999999999999,0.344,0.212,0.275,66.0,85.1,-1.8,-7.0,1.1,-0.3
Brandon Belt,32,1B,Vet,17200000,San-Francisco-Giants,51.0,179.0,9.0,25.0,30.0,0.0,16.8,20.1,0.282,0.35600000000000004,0.309,0.425,0.591,0.42700000000000005,173.0,90.7,-0.2,16.6,-3.5,1.9
Brandon Crawford,33,SS,Vet,15200000,San-Francisco-Giants,54.0,193.0,8.0,26.0,28.0,1.0,7.8,24.4,0.209,0.303,0.256,0.326,0.465,0.33399999999999996,112.0,88.7,-0.5,2.5,0.6,1.0
Evan Longoria,34,3B,Vet,15000000,San-Francisco-Giants,53.0,209.0,7.0,26.0,28.0,0.0,5.3,18.7,0.171,0.28,0.254,0.297,0.425,0.308,94.0,91.7,-2.1,-3.5,4.4,0.8
Wilmer Flores,28,2B,Vet,3000000,San-Francisco-Giants,55.0,213.0,12.0,30.0,32.0,1.0,6.1,16.9,0.247,0.272,0.268,0.315,0.515,0.34700000000000003,121.0,87.9,-0.2,5.4,-2.8,1.0
Donovan Solano,32,2B,Arb 2,1375000,San-Francisco-Giants,54.0,203.0,3.0,22.0,29.0,0.0,4.9,19.2,0.13699999999999998,0.396,0.326,0.365,0.46299999999999997,0.35700000000000004,127.0,88.5,0.4,7.4,-5.4,0.9
Daniel Robertson,26,SS,Arb 1,1025000,San-Francisco-Giants,13.0,24.0,0.0,4.0,2.0,0.0,12.5,25.0,0.0,0.467,0.33299999999999996,0.41700000000000004,0.33299999999999996,0.345,119.0,82.1,0.4,1.0,0.2,0.2
Alex Dickerson,30,LF,Arb 2,925000,San-Francisco-Giants,52.0,170.0,10.0,28.0,27.0,0.0,9.4,17.6,0.278,0.313,0.298,0.371,0.5760000000000001,0.39399999999999996,151.0,90.9,-1.0,10.1,-7.4,0.9
Darin Ruf,33,1B,Pre-Arb,563500,San-Francisco-Giants,40.0,100.0,5.0,11.0,18.0,1.0,13.0,23.0,0.24100000000000002,0.322,0.276,0.37,0.517,0.379,141.0,89.4,0.9,6.2,-2.8,0.7
Austin Slater,27,LF,Pre-Arb,576000,San-Francisco-Giants,31.0,104.0,5.0,18.0,7.0,8.0,15.4,21.2,0.22399999999999998,0.32799999999999996,0.282,0.408,0.506,0.395,152.0,89.2,1.9,8.8,-0.2,1.2
Mike Yastrzemski,29,RF,Pre-Arb,569750,San-Francisco-Giants,54.0,225.0,10.0,39.0,35.0,2.0,13.3,24.4,0.271,0.37,0.297,0.4,0.568,0.40700000000000003,160.0,88.2,0.8,18.0,1.2,2.7
Mauricio Dubon,25,2B,Pre-Arb,566625,San-Francisco-Giants,54.0,177.0,4.0,21.0,19.0,2.0,8.5,20.3,0.115,0.32799999999999996,0.27399999999999997,0.337,0.389,0.318,101.0,86.2,-0.6,-0.3,-0.6,0.5
Joey Bart,23,C,Pre-Arb,563500,San-Francisco-Giants,33.0,111.0,0.0,15.0,7.0,0.0,2.7,36.9,0.087,0.387,0.233,0.28800000000000003,0.32,0.271,70.0,89.0,0.0,-4.2,1.4,0.1
Tyler Heineman,29,C,Pre-Arb,563500,San-Francisco-Giants,15.0,50.0,0.0,3.0,1.0,1.0,8.0,12.0,0.024,0.222,0.19,0.292,0.214,0.243,52.0,82.4,0.0,-3.1,1.5,0.0
Steven Duggar,26,CF,Pre-Arb,563500,San-Francisco-Giants,21.0,36.0,0.0,3.0,3.0,1.0,2.8,30.6,0.059000000000000004,0.261,0.17600000000000002,0.222,0.235,0.20600000000000002,28.0,84.2,0.1,-3.2,-0.8,-0.3
Joey Rickard,29,LF,Pre-Arb,563500,San-Francisco-Giants,4.0,6.0,0.0,1.0,0.0,0.0,16.7,16.7,0.0,0.0,0.0,0.16699999999999998,0.0,0.11599999999999999,-32.0,86.2,-0.2,-1.2,0.2,-0.1
Luis Alexander Basabe,23,OF,Pre-Arb,563500,San-Francisco-Giants,9.0,18.0,0.0,5.0,1.0,2.0,22.2,27.8,0.0,0.222,0.14300000000000002,0.33299999999999996,0.14300000000000002,0.253,59.0,82.6,-0.9,-1.9,-0.3,-0.1
Paul Goldschmidt,32,1B,Vet,26000000,St-Louis-Cardinals,58.0,231.0,6.0,31.0,21.0,1.0,16.0,18.6,0.162,0.364,0.304,0.41700000000000004,0.466,0.387,146.0,89.2,1.1,14.6,-2.9,2.1
Yadier Molina,37,C,Vet,20000000,St-Louis-Cardinals,42.0,156.0,4.0,12.0,16.0,0.0,3.8,13.5,0.09699999999999999,0.281,0.262,0.303,0.359,0.29,82.0,84.7,-3.3,-6.9,5.0,0.5
Dexter Fowler,34,RF,Vet,16500000,St-Louis-Cardinals,31.0,101.0,4.0,14.0,15.0,1.0,9.9,27.7,0.156,0.293,0.233,0.317,0.389,0.31,95.0,84.5,0.5,-0.1,-4.2,0.0
Matt Carpenter,34,3B,Vet,18500000,St-Louis-Cardinals,50.0,169.0,4.0,22.0,24.0,0.0,13.6,28.4,0.129,0.25,0.18600000000000003,0.325,0.314,0.293,84.0,88.2,0.6,-2.9,-1.7,0.3
Kolten Wong,29,2B,Vet,10250000,St-Louis-Cardinals,53.0,208.0,1.0,26.0,16.0,5.0,9.6,14.4,0.061,0.311,0.265,0.35,0.326,0.305,92.0,86.5,2.2,0.0,4.5,1.3
Brad Miller,30,2B,Vet,2000000,St-Louis-Cardinals,48.0,171.0,7.0,21.0,25.0,1.0,14.6,26.9,0.218,0.289,0.23199999999999998,0.35700000000000004,0.451,0.349,121.0,89.8,0.5,5.0,-4.6,0.8
Matt Wieters,34,C,Vet,2000000,St-Louis-Cardinals,19.0,41.0,0.0,3.0,4.0,0.0,7.3,24.4,0.028999999999999998,0.28,0.2,0.3,0.22899999999999998,0.252,57.0,84.7,0.1,-2.2,0.2,0.0
Paul DeJong,26,SS,Pre-Arb,1666666,St-Louis-Cardinals,45.0,174.0,3.0,17.0,25.0,1.0,9.8,28.7,0.099,0.34,0.25,0.322,0.349,0.29600000000000004,86.0,89.2,-1.1,-4.2,2.9,0.6
Harrison Bader,26,CF,Pre-Arb,590100,St-Louis-Cardinals,50.0,125.0,4.0,21.0,11.0,3.0,10.4,32.0,0.217,0.317,0.226,0.336,0.44299999999999995,0.337,113.0,86.0,0.8,2.9,1.7,1.0
Tommy Edman,25,LF,Pre-Arb,581800,St-Louis-Cardinals,55.0,227.0,5.0,29.0,26.0,2.0,7.0,21.1,0.11800000000000001,0.301,0.25,0.317,0.368,0.302,90.0,86.5,-0.3,-3.3,1.5,0.8
Tyler O'Neill,25,LF,Pre-Arb,573400,St-Louis-Cardinals,50.0,157.0,7.0,20.0,19.0,3.0,9.6,27.4,0.187,0.18899999999999997,0.17300000000000001,0.261,0.36,0.271,70.0,88.0,0.8,-5.3,3.7,0.5
Rangel Ravelo,28,1B,Pre-Arb,566000,St-Louis-Cardinals,13.0,41.0,1.0,5.0,6.0,0.0,9.8,14.6,0.114,0.16699999999999998,0.171,0.244,0.28600000000000003,0.233,44.0,84.8,0.5,-2.4,-0.7,-0.1
Austin Dean,26,LF,Pre-Arb,563500,St-Louis-Cardinals,3.0,7.0,0.0,1.0,0.0,0.0,42.9,28.6,0.25,0.5,0.25,0.5710000000000001,0.5,0.47600000000000003,205.0,99.7,0.0,0.9,-0.9,0.0
Dylan Carlson,21,OF,Pre-Arb,563500,St-Louis-Cardinals,35.0,119.0,3.0,11.0,16.0,1.0,6.7,29.4,0.16399999999999998,0.26,0.2,0.252,0.364,0.264,65.0,87.4,-1.1,-6.4,3.1,0.2
Manny Machado,27,3B,Vet,32000000,San-Diego-Padres,60.0,254.0,16.0,44.0,47.0,6.0,10.2,14.6,0.27699999999999997,0.297,0.304,0.37,0.58,0.391,148.0,90.2,-1.7,14.0,3.2,2.6
Wil Myers,29,LF,Vet,22500000,San-Diego-Padres,55.0,218.0,15.0,34.0,40.0,2.0,8.3,25.7,0.318,0.331,0.28800000000000003,0.353,0.606,0.4,154.0,91.0,1.4,16.4,-4.7,1.9
Eric Hosmer,30,1B,Vet,21000000,San-Diego-Padres,38.0,156.0,9.0,23.0,36.0,4.0,5.8,17.9,0.231,0.29600000000000004,0.287,0.33299999999999996,0.517,0.359,127.0,90.8,0.5,5.8,-2.0,0.9
Tommy Pham,32,LF,Arb 2,7900000,San-Diego-Padres,31.0,125.0,3.0,13.0,12.0,6.0,12.0,21.6,0.10099999999999999,0.253,0.21100000000000002,0.312,0.312,0.284,78.0,92.8,1.3,-2.3,-3.1,-0.1
Jurickson Profar,27,2B,Arb 4,5700000,San-Diego-Padres,56.0,202.0,7.0,28.0,25.0,7.0,7.4,13.9,0.15,0.293,0.278,0.34299999999999997,0.428,0.335,111.0,87.2,2.7,5.6,0.7,1.3
Jason Castro,33,C,Vet,6850000,San-Diego-Padres,27.0,92.0,2.0,8.0,9.0,0.0,13.0,35.9,0.188,0.289,0.188,0.293,0.375,0.294,86.0,92.7,-0.3,-1.9,2.0,0.3
Greg Garcia,30,2B,Arb 2,1500000,San-Diego-Padres,35.0,71.0,0.0,6.0,11.0,1.0,9.9,25.4,0.05,0.27899999999999997,0.2,0.27899999999999997,0.25,0.243,51.0,83.4,0.0,-4.4,-0.2,-0.2
Mitch Moreland,34,1B,Vet,2500000,San-Diego-Padres,42.0,152.0,10.0,22.0,29.0,0.0,9.9,21.1,0.287,0.27699999999999997,0.265,0.342,0.551,0.37200000000000005,135.0,88.2,0.4,6.9,-2.8,0.9
Fernando Tatis Jr.,21,SS,Pre-Arb,591800,San-Diego-Padres,59.0,257.0,17.0,50.0,45.0,11.0,10.5,23.7,0.295,0.306,0.27699999999999997,0.366,0.5710000000000001,0.392,149.0,95.9,1.4,17.5,3.1,2.9
Trent Grisham,23,CF,Pre-Arb,566800,San-Diego-Padres,59.0,252.0,10.0,42.0,26.0,10.0,12.3,25.4,0.205,0.31,0.251,0.35200000000000004,0.456,0.349,121.0,88.3,-0.2,6.4,8.3,2.3
Jake Cronenworth,26,SS,Pre-Arb,563500,San-Diego-Padres,54.0,192.0,4.0,26.0,20.0,3.0,9.4,15.6,0.192,0.324,0.285,0.354,0.47700000000000004,0.35600000000000004,125.0,89.8,-1.0,5.1,2.7,1.4
Jorge Mateo,25,SS,Pre-Arb,563500,San-Diego-Padres,22.0,28.0,0.0,4.0,2.0,1.0,3.6,39.3,0.115,0.267,0.154,0.185,0.26899999999999996,0.196,20.0,93.5,0.3,-2.6,-0.1,-0.2
Austin Nola,30,C,Pre-Arb,570800,San-Diego-Padres,48.0,184.0,7.0,24.0,28.0,0.0,9.8,18.5,0.19899999999999998,0.303,0.273,0.353,0.47200000000000003,0.35200000000000004,126.0,89.7,-0.4,5.5,5.5,1.7
Luis Campusano,21,C,Pre-Arb,563500,San-Diego-Padres,1.0,4.0,1.0,2.0,1.0,0.0,0.0,50.0,1.0,0.0,0.33299999999999996,0.5,1.3330000000000002,0.677,337.0,101.1,-0.5,0.7,-0.1,0.1
Charlie Blackmon,34,RF,Vet,21333333,Colorado-Rockies,59.0,247.0,6.0,31.0,42.0,2.0,7.7,17.8,0.145,0.34700000000000003,0.303,0.35600000000000004,0.44799999999999995,0.34,97.0,86.9,-0.2,-1.2,0.5,0.8
Trevor Story,27,SS,Arb 2,9000000,Colorado-Rockies,59.0,259.0,11.0,41.0,28.0,15.0,9.3,24.3,0.23,0.354,0.289,0.355,0.519,0.37,117.0,89.9,4.0,9.6,6.3,2.5
Daniel Murphy,35,1B,Vet,8000000,Colorado-Rockies,40.0,132.0,3.0,10.0,16.0,0.0,5.3,15.9,0.098,0.26,0.23600000000000002,0.275,0.33299999999999996,0.259,44.0,85.2,-0.8,-10.3,-3.6,-0.9
Tony Wolters,28,C,Arb 2,1900000,Colorado-Rockies,42.0,109.0,0.0,10.0,8.0,0.0,5.5,27.5,0.04,0.32899999999999996,0.23,0.28,0.27,0.249,37.0,84.1,-1.3,-10.1,-0.3,-0.6
Kevin Pillar,31,CF,Arb 3,4250000,Colorado-Rockies,54.0,223.0,6.0,34.0,26.0,5.0,5.8,18.4,0.17300000000000001,0.335,0.28800000000000003,0.336,0.462,0.341,106.0,87.1,1.9,3.4,0.7,1.1
Drew Butera,36,C,Vet,1000000,Colorado-Rockies,29.0,43.0,0.0,4.0,4.0,0.0,4.7,25.6,0.051,0.207,0.154,0.19,0.205,0.17600000000000002,-11.0,85.9,-0.8,-6.9,0.4,-0.5
Matt Kemp,35,LF,Vet,1000000,Colorado-Rockies,43.0,132.0,6.0,18.0,21.0,1.0,11.4,31.1,0.179,0.314,0.239,0.326,0.419,0.322,85.0,85.3,-0.5,-3.0,-3.1,-0.1
Elias Diaz,29,C,Arb 1,575000,Colorado-Rockies,26.0,73.0,2.0,4.0,9.0,0.0,6.8,20.5,0.11800000000000001,0.275,0.235,0.28800000000000003,0.353,0.281,58.0,87.4,-1.0,-4.9,0.8,-0.1
Ryan McMahon,25,2B,Pre-Arb,573500,Colorado-Rockies,52.0,193.0,9.0,23.0,26.0,0.0,9.3,34.2,0.203,0.28600000000000003,0.215,0.295,0.419,0.308,76.0,90.1,0.6,-5.4,-0.2,0.1
Raimel Tapia,26,CF,Pre-Arb,573500,Colorado-Rockies,51.0,206.0,1.0,26.0,17.0,8.0,6.8,18.4,0.08199999999999999,0.392,0.321,0.369,0.402,0.33799999999999997,96.0,85.3,3.2,2.1,-1.9,0.7
Garrett Hampson,25,2B,Pre-Arb,568500,Colorado-Rockies,53.0,184.0,5.0,25.0,11.0,6.0,7.1,32.6,0.15,0.33,0.23399999999999999,0.287,0.38299999999999995,0.29,64.0,86.3,1.9,-6.6,0.1,0.0
Sam Hilliard,26,CF,Pre-Arb,565500,Colorado-Rockies,36.0,114.0,6.0,13.0,10.0,3.0,7.9,36.8,0.22899999999999998,0.281,0.21,0.272,0.43799999999999994,0.301,71.0,88.3,1.9,-2.2,-0.1,0.2
Josh Fuentes,27,1B,Pre-Arb,565500,Colorado-Rockies,30.0,103.0,2.0,14.0,17.0,1.0,1.9,28.2,0.133,0.406,0.306,0.32,0.439,0.32299999999999995,86.0,84.0,0.8,-1.0,1.2,0.4
Nolan Arenado,29,3B,Vet,35025000,Colorado-Rockies,48.0,201.0,8.0,23.0,26.0,0.0,7.5,10.0,0.18100000000000002,0.24100000000000002,0.253,0.303,0.434,0.308,76.0,87.8,-0.5,-6.7,9.3,1.0
David Dahl,26,CF,Arb 1,2475000,Colorado-Rockies,24.0,99.0,0.0,9.0,9.0,1.0,4.0,28.3,0.065,0.258,0.183,0.222,0.247,0.20800000000000002,10.0,85.9,1.4,-10.0,-1.9,-0.8
Chris Owings,28,2B,Vet,563500,Colorado-Rockies,17.0,44.0,2.0,9.0,5.0,1.0,6.8,25.0,0.171,0.321,0.268,0.318,0.439,0.326,88.0,86.9,0.6,-0.1,-0.8,0.1
Brendan Rodgers,23,SS,Pre-Arb,565500,Colorado-Rockies,7.0,21.0,0.0,1.0,2.0,0.0,0.0,28.6,0.048,0.133,0.095,0.095,0.14300000000000002,0.10099999999999999,-61.0,83.0,0.0,-4.3,0.1,-0.3
Mike Trout,28,CF,Vet,37766667,Los-Angeles-Angels,53.0,241.0,17.0,41.0,46.0,1.0,14.5,23.2,0.322,0.3,0.281,0.39,0.603,0.40700000000000003,164.0,93.7,1.3,20.3,-2.4,2.6
Albert Pujols,40,1B,Vet,29000000,Los-Angeles-Angels,39.0,163.0,6.0,15.0,25.0,0.0,5.5,15.3,0.171,0.23,0.22399999999999998,0.27,0.395,0.282,79.0,88.6,-0.3,-4.6,-2.8,-0.1
Anthony Rendon,30,3B,Vet,26071428,Los-Angeles-Angels,52.0,232.0,9.0,29.0,31.0,0.0,16.4,13.4,0.212,0.302,0.28600000000000003,0.418,0.49700000000000005,0.395,156.0,90.1,0.0,16.0,3.7,2.7
Justin Upton,32,LF,Vet,21000000,Los-Angeles-Angels,42.0,166.0,9.0,20.0,22.0,0.0,6.6,25.9,0.218,0.21899999999999997,0.204,0.289,0.42200000000000004,0.307,95.0,91.7,-1.1,-2.0,-3.9,0.0
Max Stassi,29,C,Arb 1,800000,Los-Angeles-Angels,31.0,105.0,7.0,12.0,20.0,0.0,10.5,20.0,0.256,0.27699999999999997,0.278,0.35200000000000004,0.5329999999999999,0.37,139.0,91.6,-1.9,3.1,0.5,0.7
Shohei Ohtani,25,DH,Pre-Arb,700000,Los-Angeles-Angels,46.0,175.0,7.0,23.0,24.0,7.0,12.6,28.6,0.17600000000000002,0.22899999999999998,0.19,0.29100000000000004,0.366,0.29,84.0,89.1,2.1,-1.3,-4.3,0.1
David Fletcher,26,2B,Pre-Arb,593500,Los-Angeles-Angels,49.0,230.0,3.0,31.0,18.0,2.0,8.7,10.9,0.106,0.348,0.319,0.376,0.425,0.35,125.0,84.7,-0.7,6.4,1.9,1.6
Taylor Ward,26,3B,Pre-Arb,566500,Los-Angeles-Angels,34.0,102.0,0.0,16.0,5.0,2.0,7.8,27.5,0.106,0.39399999999999996,0.27699999999999997,0.33299999999999996,0.38299999999999995,0.314,100.0,91.1,2.1,2.2,-0.6,0.5
Anthony Bemboom,30,C,Pre-Arb,563500,Los-Angeles-Angels,21.0,60.0,3.0,9.0,5.0,0.0,11.7,21.7,0.20800000000000002,0.212,0.20800000000000002,0.32799999999999996,0.41700000000000004,0.324,108.0,86.7,-1.2,-0.6,2.3,0.4
Jared Walsh,26,1B,Pre-Arb,563500,Los-Angeles-Angels,32.0,108.0,9.0,19.0,26.0,0.0,4.6,13.9,0.354,0.256,0.293,0.324,0.6459999999999999,0.39299999999999996,155.0,88.1,0.3,7.6,-2.3,0.9
Elliot Soto,30,SS,Pre-Arb,563500,Los-Angeles-Angels,3.0,7.0,0.0,2.0,0.0,0.0,14.3,14.3,0.16699999999999998,0.4,0.33299999999999996,0.429,0.5,0.40299999999999997,161.0,87.2,0.1,0.6,0.1,0.1
Jahmai Jones,22,OF,Pre-Arb,563500,Los-Angeles-Angels,3.0,7.0,0.0,2.0,1.0,0.0,0.0,28.6,0.0,0.6,0.429,0.429,0.429,0.37799999999999995,144.0,88.5,-0.1,0.3,0.1,0.1
Luis Rengifo,23,SS,Pre-Arb,570000,Los-Angeles-Angels,33.0,106.0,1.0,12.0,3.0,3.0,13.2,24.5,0.044000000000000004,0.20600000000000002,0.156,0.26899999999999996,0.2,0.22699999999999998,41.0,87.6,-0.9,-8.7,0.6,-0.4
Franklin Barreto,24,SS,Pre-Arb,568500,Los-Angeles-Angels,21.0,28.0,0.0,5.0,2.0,1.0,0.0,53.6,0.0,0.16699999999999998,0.07400000000000001,0.107,0.07400000000000001,0.08900000000000001,-48.0,90.7,0.3,-5.0,0.1,-0.4
Eduardo Escobar,31,3B,Vet,7166666,Arizona-Diamondbacks,54.0,222.0,4.0,22.0,20.0,1.0,6.8,18.5,0.12300000000000001,0.244,0.212,0.27,0.335,0.257,56.0,88.6,-0.9,-13.3,0.3,-0.5
Nick Ahmed,30,SS,Arb 3,6375000,Arizona-Diamondbacks,57.0,217.0,5.0,29.0,29.0,4.0,8.3,21.2,0.136,0.324,0.266,0.327,0.402,0.318,97.0,87.7,2.1,1.2,2.9,1.2
David Peralta,32,LF,Arb 3,7000000,Arizona-Diamondbacks,54.0,218.0,5.0,19.0,34.0,1.0,6.0,20.6,0.133,0.361,0.3,0.33899999999999997,0.433,0.33299999999999996,107.0,89.2,0.0,1.9,1.4,1.1
Kole Calhoun,32,RF,Vet,6000000,Arizona-Diamondbacks,54.0,228.0,16.0,35.0,40.0,1.0,12.3,21.9,0.3,0.21100000000000002,0.226,0.33799999999999997,0.526,0.36200000000000004,126.0,89.4,0.5,8.1,2.6,1.8
Ketel Marte,26,2B,Arb 2,4000000,Arizona-Diamondbacks,45.0,195.0,2.0,19.0,17.0,1.0,3.6,10.8,0.122,0.311,0.287,0.32299999999999995,0.409,0.316,95.0,89.2,-0.2,-1.5,-1.4,0.4
Stephen Vogt,35,C,Vet,2500000,Arizona-Diamondbacks,26.0,81.0,1.0,6.0,7.0,0.0,9.9,22.2,0.111,0.204,0.16699999999999998,0.247,0.278,0.235,42.0,87.3,0.0,-6.1,2.6,-0.1
Jon Jay,35,RF,Vet,1550000,Arizona-Diamondbacks,18.0,57.0,1.0,5.0,4.0,0.0,5.3,21.1,0.08,0.175,0.16,0.21100000000000002,0.24,0.19899999999999998,18.0,84.8,0.5,-5.5,-1.4,-0.5
Christian Walker,29,1B,Pre-Arb,589500,Arizona-Diamondbacks,57.0,243.0,7.0,35.0,34.0,1.0,7.8,20.6,0.188,0.317,0.271,0.33299999999999996,0.45899999999999996,0.33899999999999997,110.0,90.4,0.8,4.0,-4.5,0.8
Carson Kelly,25,C,Pre-Arb,581700,Arizona-Diamondbacks,39.0,129.0,5.0,11.0,19.0,0.0,4.7,22.5,0.16399999999999998,0.25,0.221,0.264,0.385,0.27899999999999997,71.0,86.3,-0.7,-5.5,3.7,0.3
Tim Locastro,27,CF,Pre-Arb,574400,Arizona-Diamondbacks,33.0,82.0,2.0,15.0,7.0,4.0,9.8,17.1,0.174,0.34,0.29,0.395,0.46399999999999997,0.376,135.0,85.6,1.2,4.9,-1.6,0.6
Daulton Varsho,23,C,Pre-Arb,563500,Arizona-Diamondbacks,37.0,115.0,3.0,16.0,9.0,3.0,10.4,28.7,0.17800000000000002,0.24600000000000002,0.188,0.287,0.366,0.287,76.0,86.2,-0.1,-3.6,1.4,0.2
Wyatt Mathisen,26,3B,Pre-Arb,563500,Arizona-Diamondbacks,9.0,33.0,2.0,5.0,5.0,0.0,15.2,36.4,0.222,0.308,0.222,0.364,0.444,0.355,121.0,87.0,0.0,0.9,-0.3,0.2
Josh VanMeter,25,2B,Pre-Arb,568500,Arizona-Diamondbacks,26.0,79.0,2.0,9.0,6.0,1.0,8.9,30.4,0.129,0.159,0.129,0.228,0.257,0.222,32.0,89.0,1.2,-5.7,-2.0,-0.4
Pavin Smith,24,1B,Pre-Arb,563500,Arizona-Diamondbacks,12.0,44.0,1.0,7.0,4.0,1.0,11.4,18.2,0.135,0.3,0.27,0.341,0.405,0.32,98.0,86.6,-0.6,-0.7,-0.9,0.0
Josh Rojas,26,2B,Pre-Arb,568800,Arizona-Diamondbacks,17.0,70.0,0.0,9.0,2.0,1.0,10.0,22.9,0.0,0.23399999999999999,0.18,0.257,0.18,0.209,24.0,86.0,0.9,-5.9,0.2,-0.3
Shin-Soo Choo,37,DH,Vet,21000000,Texas-Rangers,33.0,127.0,5.0,13.0,15.0,6.0,10.2,26.0,0.16399999999999998,0.284,0.23600000000000002,0.32299999999999995,0.4,0.312,87.0,90.0,0.6,-1.4,-4.4,-0.1
Rougned Odor,26,2B,Pre-Arb,9333333,Texas-Rangers,38.0,148.0,10.0,15.0,30.0,0.0,4.7,31.8,0.24600000000000002,0.157,0.16699999999999998,0.209,0.413,0.259,51.0,86.0,-0.2,-9.2,-0.4,-0.4
Joey Gallo,26,RF,Arb 1,4400000,Texas-Rangers,57.0,226.0,10.0,23.0,26.0,2.0,12.8,35.0,0.19699999999999998,0.24,0.18100000000000002,0.301,0.37799999999999995,0.297,77.0,91.2,2.7,-3.7,3.5,0.8
Jeff Mathis,37,C,Vet,3000000,Texas-Rangers,24.0,68.0,3.0,6.0,9.0,1.0,7.4,35.3,0.19399999999999998,0.19399999999999998,0.161,0.221,0.355,0.245,41.0,89.6,0.6,-4.4,3.1,0.1
Isiah Kiner-Falefa,25,3B,Pre-Arb,587000,Texas-Rangers,58.0,228.0,3.0,28.0,10.0,8.0,6.1,14.0,0.09,0.316,0.28,0.32899999999999996,0.37,0.307,84.0,87.2,-2.0,-6.5,2.8,0.4
Willie Calhoun,25,LF,Pre-Arb,577000,Texas-Rangers,29.0,108.0,1.0,3.0,13.0,0.0,4.6,15.7,0.07,0.214,0.19,0.231,0.26,0.217,22.0,89.3,0.1,-10.2,-3.1,-0.9
Nick Solak,25,2B,Pre-Arb,565500,Texas-Rangers,58.0,233.0,2.0,27.0,23.0,7.0,7.7,18.0,0.077,0.32,0.268,0.326,0.344,0.297,77.0,89.9,2.4,-4.3,-8.4,-0.4
Derek Dietrich,30,2B,Arb 4,575000,Texas-Rangers,25.0,75.0,5.0,9.0,8.0,1.0,12.0,28.0,0.262,0.2,0.19699999999999998,0.34700000000000003,0.45899999999999996,0.35100000000000003,114.0,85.4,-2.7,-1.4,-2.0,-0.1
Ronald Guzman,25,1B,Pre-Arb,588000,Texas-Rangers,26.0,86.0,4.0,10.0,9.0,1.0,8.1,27.9,0.192,0.3,0.244,0.314,0.436,0.32299999999999995,95.0,86.3,0.2,-0.3,-1.8,0.1
Anderson Tejeda,22,SS,Pre-Arb,563500,Texas-Rangers,23.0,77.0,3.0,7.0,8.0,4.0,2.6,39.0,0.2,0.381,0.253,0.273,0.45299999999999996,0.306,83.0,90.8,-0.1,-1.7,0.4,0.1
Eli White,26,SS,Pre-Arb,563500,Texas-Rangers,19.0,52.0,0.0,5.0,3.0,1.0,5.8,30.8,0.042,0.273,0.188,0.231,0.22899999999999998,0.207,15.0,88.1,-0.6,-6.0,0.3,-0.4
Andrew Romine,34,SS,Vet,575000,Texas-Rangers,2.0,4.0,0.0,1.0,0.0,0.0,0.0,25.0,0.25,0.33299999999999996,0.25,0.25,0.5,0.31,86.0,84.0,0.0,-0.1,0.2,0.0
Elvis Andrus,31,SS,Vet,15250000,Texas-Rangers,29.0,111.0,3.0,11.0,7.0,3.0,7.2,13.5,0.136,0.2,0.19399999999999998,0.252,0.33,0.255,48.0,88.5,-1.1,-8.2,-0.4,-0.4
Jose Trevino,27,C,Pre-Arb,565500,Texas-Rangers,24.0,83.0,2.0,10.0,9.0,0.0,3.6,18.1,0.184,0.27899999999999997,0.25,0.28,0.434,0.3,79.0,87.9,-0.1,-2.3,1.4,0.2
Sherten Apostel,21,3B,Pre-Arb,563500,Texas-Rangers,7.0,21.0,0.0,1.0,0.0,0.0,4.8,42.9,0.05,0.182,0.1,0.14300000000000002,0.15,0.134,-34.0,88.8,0.2,-3.3,-1.3,-0.4
Freddie Freeman,30,1B,Vet,22559375,Atlanta-Braves,60.0,262.0,13.0,51.0,53.0,2.0,17.2,14.1,0.299,0.366,0.341,0.462,0.64,0.456,187.0,92.4,-0.3,28.8,-1.3,3.4
Marcell Ozuna,29,LF,Vet,18000000,Atlanta-Braves,60.0,267.0,18.0,38.0,56.0,0.0,14.2,22.5,0.298,0.391,0.33799999999999997,0.431,0.636,0.444,179.0,93.0,-0.2,26.8,-7.8,2.5
Will Smith,30,RP,Vet,13000000,Atlanta-Braves,37.0,137.0,8.0,23.0,25.0,0.0,14.6,16.1,0.289,0.294,0.289,0.401,0.579,0.41100000000000003,163.0,90.8,-1.3,9.6,-1.4,1.3
Travis d'Arnaud,31,C,Vet,8000000,Atlanta-Braves,44.0,184.0,9.0,19.0,34.0,1.0,8.7,27.2,0.212,0.41100000000000003,0.321,0.386,0.5329999999999999,0.392,145.0,93.4,-2.2,8.4,3.5,1.6
Ender Inciarte,29,CF,Arb 4,7700000,Atlanta-Braves,46.0,131.0,1.0,17.0,10.0,4.0,9.2,19.1,0.06,0.228,0.19,0.262,0.25,0.233,40.0,78.2,1.4,-8.7,-0.8,-0.6
Tyler Flowers,34,C,Vet,4000000,Atlanta-Braves,22.0,80.0,1.0,5.0,5.0,0.0,10.0,42.5,0.13,0.41200000000000003,0.217,0.325,0.348,0.303,86.0,93.0,0.0,-1.4,3.3,0.4
Nick Markakis,36,RF,Vet,4000000,Atlanta-Braves,37.0,141.0,1.0,15.0,15.0,0.0,7.1,16.3,0.138,0.302,0.254,0.312,0.392,0.307,89.0,89.0,-2.1,-4.2,-3.7,-0.4
Adam Duvall,31,RF,Arb 2,3250000,Atlanta-Braves,57.0,209.0,16.0,34.0,33.0,0.0,7.2,25.8,0.295,0.24,0.237,0.301,0.532,0.348,116.0,88.1,0.6,4.8,-4.9,0.5
Dansby Swanson,26,SS,Arb 1,3150000,Atlanta-Braves,60.0,264.0,10.0,49.0,35.0,5.0,8.3,26.9,0.19,0.35,0.27399999999999997,0.345,0.46399999999999997,0.348,116.0,89.0,4.2,9.6,2.8,1.9
Ozzie Albies,23,2B,Pre-Arb,1000000,Atlanta-Braves,29.0,124.0,6.0,21.0,19.0,3.0,4.0,24.2,0.195,0.317,0.271,0.306,0.466,0.32899999999999996,103.0,86.7,1.3,1.8,1.1,0.6
Adeiny Hechavarria,31,SS,Vet,1000000,Atlanta-Braves,27.0,63.0,0.0,7.0,2.0,0.0,6.3,19.0,0.051,0.319,0.254,0.302,0.305,0.271,65.0,82.9,0.4,-2.3,-1.5,-0.2
Austin Riley,23,3B,Pre-Arb,568500,Atlanta-Braves,51.0,206.0,8.0,24.0,27.0,0.0,7.8,23.8,0.17600000000000002,0.28,0.239,0.301,0.415,0.307,89.0,91.0,-0.4,-3.5,-3.4,-0.1
Pablo Sandoval,33,3B,Vet,563500,Atlanta-Braves,34.0,94.0,1.0,5.0,6.0,0.0,8.5,20.2,0.048,0.262,0.214,0.287,0.262,0.252,57.0,91.9,-0.6,-5.7,-1.5,-0.4
Josh Donaldson,34,3B,Vet,21000000,Minnesota-Twins,28.0,102.0,6.0,14.0,11.0,0.0,17.6,23.5,0.247,0.231,0.222,0.373,0.469,0.36200000000000004,129.0,92.8,-1.2,2.5,1.8,0.9
Nelson Cruz,40,DH,Vet,12000000,Minnesota-Twins,53.0,214.0,16.0,33.0,33.0,0.0,11.7,27.1,0.292,0.36,0.303,0.397,0.595,0.41100000000000003,164.0,91.6,-0.7,16.1,-5.6,2.0
Marwin Gonzalez,31,3B,Vet,9000000,Minnesota-Twins,53.0,199.0,5.0,15.0,22.0,0.0,8.5,20.6,0.109,0.24100000000000002,0.21100000000000002,0.28600000000000003,0.32,0.26899999999999996,66.0,89.2,0.9,-7.3,0.3,0.2
Eddie Rosario,28,LF,Arb 2,7750000,Minnesota-Twins,57.0,231.0,13.0,31.0,42.0,3.0,8.2,14.7,0.21899999999999997,0.248,0.257,0.316,0.47600000000000003,0.33299999999999996,110.0,87.5,-2.0,0.9,-1.5,0.9
Max Kepler,27,RF,Arb 2,6250000,Minnesota-Twins,48.0,196.0,9.0,27.0,23.0,3.0,11.2,18.4,0.21100000000000002,0.23600000000000002,0.228,0.321,0.439,0.32799999999999996,107.0,88.5,2.3,3.9,-2.6,1.0
Alex Avila,33,C,Vet,4250000,Minnesota-Twins,23.0,62.0,1.0,6.0,2.0,0.0,17.7,35.5,0.102,0.308,0.184,0.355,0.28600000000000003,0.305,91.0,85.3,-0.5,-1.2,0.8,0.2
Jorge Polanco,26,SS,Arb 1,3833333,Minnesota-Twins,55.0,226.0,4.0,22.0,19.0,4.0,5.8,15.5,0.096,0.292,0.258,0.304,0.354,0.289,80.0,86.6,-0.6,-6.3,3.9,0.8
Byron Buxton,26,CF,Arb 2,3075000,Minnesota-Twins,39.0,135.0,13.0,19.0,27.0,2.0,1.5,26.7,0.32299999999999995,0.24100000000000002,0.254,0.267,0.5770000000000001,0.345,118.0,91.2,0.4,3.4,3.0,1.2
Miguel Sano,27,1B,Arb 2,7000000,Minnesota-Twins,53.0,205.0,13.0,31.0,25.0,0.0,8.8,43.9,0.27399999999999997,0.301,0.204,0.278,0.478,0.317,99.0,95.2,2.3,2.0,-6.0,0.5
Ehire Adrianza,30,SS,Arb 4,1600000,Minnesota-Twins,44.0,101.0,0.0,10.0,3.0,1.0,10.9,22.8,0.079,0.258,0.191,0.287,0.27,0.257,58.0,85.9,0.3,-4.9,-0.1,-0.1
Mitch Garver,29,C,Pre-Arb,620000,Minnesota-Twins,23.0,81.0,2.0,8.0,5.0,0.0,8.6,45.7,0.09699999999999999,0.294,0.16699999999999998,0.247,0.264,0.23199999999999998,41.0,92.4,-0.2,-6.1,1.5,-0.1
Luis Arraez,23,2B,Pre-Arb,596000,Minnesota-Twins,32.0,121.0,0.0,16.0,13.0,0.0,6.6,9.1,0.08,0.353,0.321,0.364,0.402,0.335,111.0,87.5,-0.6,1.1,1.2,0.7
Jake Cave,27,RF,Pre-Arb,587500,Minnesota-Twins,42.0,123.0,4.0,17.0,15.0,0.0,4.1,35.8,0.168,0.32299999999999995,0.221,0.285,0.389,0.293,82.0,87.4,-0.2,-2.8,2.0,0.5
Ryan Jeffers,23,C,Pre-Arb,563500,Minnesota-Twins,26.0,62.0,3.0,5.0,7.0,0.0,8.1,30.6,0.16399999999999998,0.364,0.273,0.355,0.436,0.34600000000000003,119.0,91.6,-0.1,1.4,0.5,0.5
Brent Rooker,25,OF,Pre-Arb,563500,Minnesota-Twins,7.0,21.0,1.0,4.0,5.0,0.0,0.0,23.8,0.263,0.385,0.316,0.381,0.579,0.408,161.0,89.1,0.5,2.1,-2.1,0.1
Joey Votto,36,1B,Vet,25000000,Cincinnati-Reds,54.0,223.0,11.0,32.0,22.0,0.0,16.6,19.3,0.22,0.235,0.226,0.354,0.446,0.34700000000000003,114.0,87.4,-1.7,2.4,-6.6,0.6
Mike Moustakas,31,2B,Vet,12000000,Cincinnati-Reds,44.0,163.0,8.0,13.0,27.0,1.0,11.0,22.1,0.237,0.247,0.23,0.331,0.46799999999999997,0.34,109.0,88.8,-1.0,0.9,-1.4,0.7
Eugenio Suarez,28,3B,Arb 3,9535714,Cincinnati-Reds,57.0,231.0,15.0,29.0,38.0,2.0,13.0,29.0,0.268,0.214,0.20199999999999999,0.312,0.47,0.332,104.0,89.1,0.5,1.7,-0.5,1.1
Shogo Akiyama,32,CF,Pre-Arb,6000000,Cincinnati-Reds,54.0,183.0,0.0,16.0,9.0,7.0,13.7,18.6,0.052000000000000005,0.314,0.245,0.35700000000000004,0.297,0.304,85.0,85.1,0.2,-3.2,-0.1,0.5
Freddy Galvis,30,SS,Vet,5500000,Cincinnati-Reds,47.0,159.0,7.0,18.0,16.0,1.0,8.2,18.9,0.184,0.231,0.22,0.308,0.40399999999999997,0.312,91.0,87.0,-1.6,-3.5,1.7,0.5
Tucker Barnhart,29,C,Pre-Arb,3937500,Cincinnati-Reds,38.0,110.0,5.0,10.0,13.0,0.0,10.9,25.5,0.184,0.231,0.204,0.29100000000000004,0.38799999999999996,0.29600000000000004,80.0,85.4,-0.2,-2.9,5.8,0.8
Curt Casali,31,C,Arb 2,1462500,Cincinnati-Reds,31.0,93.0,6.0,10.0,8.0,2.0,15.1,31.2,0.276,0.268,0.22399999999999998,0.366,0.5,0.37200000000000005,131.0,88.6,-1.2,2.5,0.9,0.7
Brian Goodwin,29,RF,Arb 1,2200000,Cincinnati-Reds,50.0,164.0,6.0,17.0,22.0,5.0,10.4,32.9,0.201,0.29100000000000004,0.215,0.299,0.41700000000000004,0.305,92.0,89.9,0.8,-0.9,-4.7,0.1
Jesse Winker,26,LF,Pre-Arb,605000,Cincinnati-Reds,54.0,183.0,12.0,27.0,23.0,1.0,15.3,25.1,0.289,0.28300000000000003,0.255,0.38799999999999996,0.544,0.396,146.0,92.1,0.1,10.9,-3.8,1.5
Kyle Farmer,29,C,Pre-Arb,571000,Cincinnati-Reds,32.0,70.0,0.0,4.0,4.0,1.0,7.1,18.6,0.047,0.33299999999999996,0.266,0.32899999999999996,0.313,0.29,76.0,89.6,-0.2,-2.3,1.0,0.2
Nick Senzel,25,3B,Pre-Arb,570000,Cincinnati-Reds,23.0,78.0,2.0,8.0,8.0,2.0,7.7,19.2,0.171,0.204,0.18600000000000003,0.247,0.35700000000000004,0.26,56.0,88.3,-1.8,-6.1,1.1,-0.1
Aristides Aquino,26,RF,Pre-Arb,563500,Cincinnati-Reds,23.0,56.0,2.0,7.0,8.0,1.0,10.7,32.1,0.149,0.222,0.17,0.304,0.319,0.285,73.0,82.2,0.6,-1.4,-1.4,0.0
Randal Grichuk,28,CF,Arb 3,13000000,Toronto-Blue-Jays,55.0,231.0,12.0,38.0,35.0,1.0,5.6,21.2,0.20800000000000002,0.299,0.273,0.312,0.48100000000000004,0.33399999999999996,112.0,88.9,0.1,3.5,-3.1,0.6
Travis Shaw,30,1B,Arb 2,4158000,Toronto-Blue-Jays,50.0,180.0,6.0,17.0,17.0,0.0,8.9,27.8,0.172,0.306,0.239,0.306,0.41100000000000003,0.31,95.0,90.9,-2.9,-4.0,1.5,0.2
Lourdes Gurriel Jr.,26,LF,Pre-Arb,2928571,Toronto-Blue-Jays,57.0,224.0,11.0,28.0,33.0,3.0,6.3,21.4,0.226,0.35100000000000003,0.308,0.348,0.534,0.37200000000000005,138.0,90.8,-2.2,8.2,-1.4,1.2
Jonathan Villar,29,CF,Arb 3,8200000,Toronto-Blue-Jays,52.0,207.0,2.0,13.0,15.0,16.0,9.2,26.1,0.059000000000000004,0.313,0.23199999999999998,0.301,0.292,0.266,66.0,86.9,0.7,-8.1,-0.5,-0.3
Joe Panik,29,2B,Arb 3,2850000,Toronto-Blue-Jays,41.0,141.0,1.0,18.0,7.0,0.0,14.2,19.1,0.075,0.28300000000000003,0.225,0.34,0.3,0.29600000000000004,86.0,87.5,1.3,-1.2,0.3,0.3
Teoscar Hernandez,27,DH,Pre-Arb,602200,Toronto-Blue-Jays,50.0,207.0,16.0,33.0,34.0,6.0,6.8,30.4,0.289,0.348,0.289,0.34,0.579,0.384,146.0,93.3,1.0,12.8,-1.6,1.6
Danny Jansen,25,C,Pre-Arb,580900,Toronto-Blue-Jays,43.0,147.0,6.0,18.0,20.0,0.0,14.3,21.1,0.175,0.19,0.183,0.313,0.358,0.3,89.0,85.1,-0.7,-2.8,3.0,0.4
Cavan Biggio,25,2B,Pre-Arb,576600,Toronto-Blue-Jays,59.0,265.0,8.0,41.0,28.0,6.0,15.5,23.0,0.182,0.311,0.25,0.375,0.43200000000000005,0.355,127.0,87.4,0.8,9.4,-1.5,1.5
Bo Bichette,22,SS,Pre-Arb,570000,Toronto-Blue-Jays,29.0,128.0,5.0,18.0,23.0,4.0,3.9,21.1,0.21100000000000002,0.35200000000000004,0.301,0.32799999999999996,0.512,0.353,125.0,89.2,-0.1,3.8,1.9,0.9
Jonathan Davis,28,CF,Pre-Arb,569000,Toronto-Blue-Jays,13.0,34.0,1.0,4.0,6.0,1.0,8.8,32.4,0.185,0.375,0.259,0.364,0.444,0.35,123.0,95.9,0.1,1.0,-0.5,0.1
Alejandro Kirk,21,C,Pre-Arb,563500,Toronto-Blue-Jays,9.0,25.0,1.0,4.0,3.0,0.0,4.0,16.0,0.20800000000000002,0.42100000000000004,0.375,0.4,0.583,0.418,169.0,95.0,-0.5,1.6,-0.6,0.2
Derek Fisher,26,RF,Pre-Arb,579600,Toronto-Blue-Jays,16.0,39.0,1.0,5.0,7.0,0.0,17.9,28.2,0.226,0.3,0.226,0.359,0.452,0.348,121.0,92.7,0.0,1.0,-3.3,-0.1
Rowdy Tellez,25,1B,Pre-Arb,579600,Toronto-Blue-Jays,35.0,127.0,8.0,20.0,23.0,0.0,8.7,15.7,0.257,0.276,0.28300000000000003,0.34600000000000003,0.54,0.369,136.0,90.7,-2.3,3.3,-2.2,0.4
Yasmani Grandal,31,C,Vet,18250000,Chicago-White-Sox,46.0,194.0,8.0,27.0,27.0,0.0,15.5,29.9,0.193,0.299,0.23,0.35100000000000003,0.42200000000000004,0.33799999999999997,117.0,90.3,-2.4,1.6,7.0,1.7
Jose Abreu,33,1B,Vet,12781666,Chicago-White-Sox,60.0,262.0,19.0,43.0,60.0,0.0,6.9,22.5,0.3,0.35,0.317,0.37,0.617,0.41100000000000003,167.0,92.9,-1.0,20.5,-5.4,2.6
Edwin Encarnacion,37,DH,Vet,12000000,Chicago-White-Sox,44.0,181.0,10.0,19.0,19.0,0.0,8.8,29.8,0.22,0.156,0.157,0.25,0.377,0.272,71.0,85.4,0.0,-6.4,-4.6,-0.3
Nomar Mazara,25,RF,Arb 2,5560000,Chicago-White-Sox,42.0,149.0,1.0,13.0,15.0,0.0,6.7,29.5,0.066,0.33,0.228,0.295,0.294,0.267,68.0,91.0,0.6,-5.3,0.8,0.2
James McCann,30,C,Arb 3,5400000,Chicago-White-Sox,31.0,111.0,7.0,20.0,15.0,1.0,7.2,27.0,0.247,0.33899999999999997,0.289,0.36,0.536,0.37799999999999995,144.0,90.5,0.3,6.3,4.4,1.5
Tim Anderson,27,SS,Pre-Arb,4000000,Chicago-White-Sox,49.0,221.0,10.0,45.0,21.0,5.0,4.5,22.6,0.207,0.38299999999999995,0.322,0.35700000000000004,0.529,0.376,143.0,87.2,0.8,12.5,-0.1,2.2
Eloy Jimenez,23,LF,Pre-Arb,2333333,Chicago-White-Sox,55.0,226.0,14.0,26.0,41.0,0.0,5.3,24.8,0.263,0.34,0.29600000000000004,0.332,0.5589999999999999,0.373,141.0,92.4,0.5,11.7,-4.7,1.7
Yoan Moncada,25,3B,Pre-Arb,1800000,Chicago-White-Sox,52.0,231.0,6.0,28.0,24.0,0.0,12.1,31.2,0.16,0.315,0.225,0.32,0.385,0.309,97.0,87.8,3.0,2.1,4.3,1.6
Luis Robert,22,CF,Pre-Arb,1500000,Chicago-White-Sox,56.0,227.0,11.0,33.0,31.0,9.0,8.8,32.2,0.203,0.3,0.233,0.302,0.436,0.316,101.0,87.9,1.7,2.1,3.4,1.5
Jarrod Dyson,35,CF,Vet,2000000,Chicago-White-Sox,32.0,66.0,0.0,9.0,5.0,6.0,6.1,16.7,0.0,0.22,0.18,0.231,0.18,0.192,17.0,82.7,1.8,-5.2,-1.1,-0.3
Adam Engel,28,CF,Pre-Arb,588000,Chicago-White-Sox,36.0,93.0,3.0,11.0,12.0,1.0,3.2,20.4,0.182,0.348,0.295,0.33299999999999996,0.47700000000000004,0.34700000000000003,122.0,87.2,0.4,3.0,0.5,0.7
Nick Madrigal,23,SS,Pre-Arb,563500,Chicago-White-Sox,29.0,109.0,0.0,8.0,11.0,2.0,3.7,6.4,0.028999999999999998,0.365,0.34,0.376,0.369,0.332,113.0,84.0,-4.7,-3.0,-0.7,0.1
Yolmer Sanchez,28,3B,Arb 3,575000,Chicago-White-Sox,12.0,21.0,1.0,7.0,1.0,0.0,23.8,23.8,0.375,0.4,0.313,0.47600000000000003,0.688,0.48,213.0,90.7,-0.1,2.8,-0.5,0.3
Leury Garcia,29,OF,Arb 3,3250000,Chicago-White-Sox,16.0,63.0,3.0,6.0,8.0,0.0,6.3,14.3,0.16899999999999998,0.27699999999999997,0.271,0.317,0.441,0.326,109.0,87.3,0.6,1.3,0.4,0.4
Kyle Seager,32,3B,Vet,19500000,Seattle-Mariners,60.0,248.0,9.0,35.0,40.0,5.0,12.9,13.3,0.192,0.24,0.24100000000000002,0.355,0.433,0.33799999999999997,118.0,89.1,1.7,7.2,-0.3,1.5
Dee Gordon,32,2B,Vet,13800000,Seattle-Mariners,33.0,82.0,0.0,12.0,3.0,3.0,6.1,15.9,0.013000000000000001,0.242,0.2,0.268,0.213,0.226,42.0,79.2,0.8,-5.1,-0.5,-0.3
Evan White,24,1B,Pre-Arb,1300000,Seattle-Mariners,54.0,202.0,8.0,19.0,26.0,1.0,8.9,41.6,0.17,0.264,0.17600000000000002,0.252,0.34600000000000003,0.261,66.0,91.7,1.0,-7.5,-1.6,-0.2
J.P. Crawford,25,SS,Pre-Arb,575800,Seattle-Mariners,53.0,232.0,2.0,33.0,24.0,6.0,9.9,16.8,0.083,0.303,0.255,0.336,0.33799999999999997,0.303,94.0,85.8,-0.2,-1.9,4.9,1.1
Kyle Lewis,24,LF,Pre-Arb,565000,Seattle-Mariners,58.0,242.0,11.0,37.0,28.0,5.0,14.0,29.3,0.175,0.341,0.262,0.364,0.43700000000000006,0.349,126.0,88.3,1.7,9.5,-1.0,1.7
Joseph Odom,28,C,Pre-Arb,563500,Seattle-Mariners,18.0,44.0,0.0,2.0,2.0,0.0,9.1,45.5,0.0,0.263,0.128,0.209,0.128,0.168,2.0,85.6,-0.5,-5.9,0.1,-0.4
Jose Marmolejos,27,1B,Pre-Arb,563500,Seattle-Mariners,35.0,115.0,6.0,12.0,18.0,0.0,6.1,27.8,0.20600000000000002,0.23199999999999998,0.20600000000000002,0.261,0.41100000000000003,0.287,84.0,90.5,-1.4,-3.7,-3.6,-0.3
Ty France,25,3B,Pre-Arb,567100,Seattle-Mariners,43.0,155.0,4.0,19.0,23.0,0.0,7.1,23.9,0.163,0.39,0.305,0.368,0.46799999999999997,0.36200000000000004,132.0,85.7,-0.9,5.3,-1.3,0.9
Joe Hudson,29,C,Pre-Arb,563500,Seattle-Mariners,9.0,20.0,0.0,0.0,0.0,0.0,10.0,25.0,0.0,0.25,0.17600000000000002,0.263,0.17600000000000002,0.213,33.0,82.1,0.1,-1.6,-0.4,-0.1
Phillip Ervin,27,CF,Pre-Arb,573500,Seattle-Mariners,37.0,89.0,0.0,10.0,4.0,1.0,15.7,24.7,0.040999999999999995,0.212,0.149,0.292,0.18899999999999997,0.239,48.0,85.4,1.3,-4.6,-0.1,-0.1
Braden Bishop,26,CF,Pre-Arb,563500,Seattle-Mariners,12.0,34.0,0.0,2.0,4.0,1.0,5.9,29.4,0.067,0.25,0.16699999999999998,0.242,0.233,0.22,37.0,86.8,0.6,-2.0,0.5,0.0
Dylan Moore,27,SS,Pre-Arb,570100,Seattle-Mariners,38.0,159.0,8.0,26.0,17.0,12.0,8.8,27.0,0.24100000000000002,0.314,0.255,0.358,0.496,0.368,139.0,90.4,0.3,7.9,0.9,1.4
Shed Long,24,2B,Pre-Arb,567600,Seattle-Mariners,34.0,128.0,3.0,10.0,9.0,4.0,8.6,28.9,0.12,0.221,0.171,0.242,0.29100000000000004,0.23800000000000002,50.0,87.1,1.9,-6.0,1.1,0.0
Sam Haggerty,26,2B,Pre-Arb,563800,Seattle-Mariners,13.0,54.0,1.0,7.0,6.0,4.0,7.4,29.6,0.14,0.364,0.26,0.315,0.4,0.311,100.0,90.6,1.8,1.7,0.3,0.4
Luis Torrens,24,C,Pre-Arb,568800,Seattle-Mariners,25.0,78.0,1.0,5.0,6.0,0.0,9.0,19.2,0.114,0.315,0.257,0.325,0.371,0.307,96.0,93.0,-1.1,-1.4,-3.5,-0.2
Jake Fraley,25,RF,Pre-Arb,563800,Seattle-Mariners,7.0,29.0,0.0,3.0,0.0,2.0,6.9,37.9,0.115,0.267,0.154,0.24100000000000002,0.26899999999999996,0.231,45.0,82.6,0.0,-1.9,0.0,-0.1
Miguel Cabrera,37,DH,Vet,30000000,Detroit-Tigers,57.0,231.0,10.0,28.0,35.0,1.0,10.4,22.1,0.16699999999999998,0.28300000000000003,0.25,0.32899999999999996,0.41700000000000004,0.32299999999999995,103.0,93.2,-2.1,-1.3,-6.0,0.3
Austin Romine,31,C,Vet,4150000,Detroit-Tigers,37.0,135.0,2.0,12.0,17.0,0.0,3.0,34.8,0.085,0.354,0.23800000000000002,0.259,0.32299999999999995,0.253,55.0,87.9,-1.5,-9.0,-2.5,-0.5
Niko Goodrum,28,SS,Pre-Arb,698200,Detroit-Tigers,43.0,179.0,5.0,15.0,20.0,7.0,10.1,38.5,0.152,0.276,0.184,0.263,0.335,0.262,61.0,88.8,0.1,-8.6,4.0,0.3
Jeimer Candelario,26,3B,Pre-Arb,583300,Detroit-Tigers,52.0,206.0,7.0,30.0,29.0,1.0,9.7,23.8,0.205,0.37200000000000005,0.297,0.369,0.503,0.373,137.0,90.2,0.8,10.2,-3.5,1.6
Victor Reyes,25,RF,Pre-Arb,573900,Detroit-Tigers,57.0,213.0,4.0,30.0,14.0,8.0,4.2,21.1,0.114,0.34,0.27699999999999997,0.315,0.391,0.307,92.0,90.0,0.0,-2.1,0.8,0.8
Harold Castro,26,3B,Pre-Arb,570700,Detroit-Tigers,22.0,54.0,0.0,6.0,3.0,0.0,9.3,20.4,0.08199999999999999,0.447,0.34700000000000003,0.40700000000000003,0.429,0.369,134.0,89.0,0.3,2.6,-0.1,0.5
Isaac Paredes,21,INF,Pre-Arb,563500,Detroit-Tigers,34.0,108.0,1.0,7.0,6.0,0.0,7.4,22.2,0.07,0.28,0.22,0.278,0.29,0.255,56.0,86.5,-0.3,-6.1,2.3,0.1
Jorge Bonifacio,27,RF,Pre-Arb,563500,Detroit-Tigers,30.0,94.0,2.0,8.0,17.0,0.0,5.3,27.7,0.105,0.28800000000000003,0.221,0.27699999999999997,0.326,0.266,64.0,82.9,0.9,-3.3,-1.3,0.0
Derek Hill,24,OF,Pre-Arb,563500,Detroit-Tigers,15.0,12.0,0.0,3.0,0.0,0.0,8.3,50.0,0.0,0.2,0.091,0.16699999999999998,0.091,0.132,-28.0,96.6,-0.2,-2.1,-1.6,-0.3
Daz Cameron,23,OF,Pre-Arb,563500,Detroit-Tigers,17.0,59.0,0.0,4.0,3.0,1.0,3.4,32.2,0.07,0.289,0.193,0.22,0.263,0.212,27.0,87.1,0.1,-5.3,-0.5,-0.3
Sergio Alcantara,23,2B,Pre-Arb,563500,Detroit-Tigers,10.0,23.0,1.0,2.0,1.0,0.0,8.7,17.4,0.23800000000000002,0.125,0.14300000000000002,0.217,0.381,0.253,55.0,84.2,0.1,-1.2,-0.7,-0.1
Eric Haase,27,C,Pre-Arb,565400,Detroit-Tigers,7.0,19.0,0.0,1.0,2.0,0.0,5.3,31.6,0.0,0.25,0.17600000000000002,0.21100000000000002,0.17600000000000002,0.17600000000000002,2.0,83.6,0.1,-2.2,0.4,-0.1
Brandon Dixon,28,1B,Pre-Arb,575000,Detroit-Tigers,5.0,14.0,0.0,0.0,2.0,0.0,7.1,28.6,0.077,0.111,0.077,0.14300000000000002,0.154,0.138,-23.0,90.5,-0.3,-2.4,0.4,-0.1
C.J. Cron,30,1B,Arb 3,6100000,Detroit-Tigers,13.0,52.0,4.0,9.0,8.0,0.0,17.3,30.8,0.35700000000000004,0.182,0.19,0.34600000000000003,0.5479999999999999,0.376,139.0,85.5,-0.1,2.4,-1.6,0.3
Jonathan Schoop,28,2B,Vet,6100000,Detroit-Tigers,44.0,177.0,8.0,26.0,23.0,0.0,4.5,22.0,0.198,0.316,0.278,0.324,0.475,0.34,114.0,87.2,0.2,3.3,3.0,1.4
Willi Castro,23,SS,Pre-Arb,563500,Detroit-Tigers,36.0,140.0,6.0,21.0,24.0,0.0,5.0,27.1,0.20199999999999999,0.44799999999999995,0.349,0.381,0.55,0.39299999999999996,151.0,85.3,-0.6,8.3,-0.8,1.3
Ryan Braun,36,1B,Vet,17000000,Milwaukee-Brewers,39.0,141.0,8.0,14.0,26.0,1.0,5.0,19.1,0.256,0.23199999999999998,0.233,0.281,0.488,0.322,99.0,89.8,-1.5,-1.7,-3.2,0.1
Christian Yelich,28,LF,Vet,12500000,Milwaukee-Brewers,58.0,247.0,12.0,39.0,22.0,4.0,18.6,30.8,0.225,0.259,0.205,0.35600000000000004,0.43,0.34299999999999997,112.0,94.0,-1.2,2.8,-6.3,0.7
Avisail Garcia,29,LF,Vet,7250000,Milwaukee-Brewers,53.0,207.0,2.0,20.0,15.0,1.0,9.7,23.7,0.08800000000000001,0.315,0.23800000000000002,0.33299999999999996,0.326,0.29600000000000004,81.0,87.4,-1.0,-5.9,3.6,0.7
Eric Sogard,34,2B,Vet,4000000,Milwaukee-Brewers,43.0,128.0,1.0,10.0,10.0,0.0,8.6,15.6,0.07,0.242,0.209,0.281,0.278,0.254,54.0,84.4,-1.2,-8.8,-0.2,-0.3
Omar Narvaez,28,C,Arb 1,2725000,Milwaukee-Brewers,40.0,126.0,2.0,8.0,10.0,0.0,12.7,31.0,0.09300000000000001,0.254,0.17600000000000002,0.294,0.26899999999999996,0.262,59.0,81.6,0.0,-6.6,6.3,0.5
Orlando Arcia,25,SS,Arb 1,2200000,Milwaukee-Brewers,59.0,189.0,5.0,22.0,20.0,2.0,7.4,16.9,0.156,0.292,0.26,0.317,0.41600000000000004,0.317,96.0,89.0,-2.9,-4.0,2.6,0.7
Jedd Gyorko,31,3B,Vet,1000000,Milwaukee-Brewers,43.0,135.0,9.0,19.0,17.0,0.0,11.1,28.1,0.256,0.278,0.248,0.33299999999999996,0.504,0.35100000000000003,118.0,88.6,-0.4,2.7,-1.4,0.7
Keston Hiura,23,2B,Pre-Arb,582100,Milwaukee-Brewers,59.0,246.0,13.0,30.0,32.0,3.0,6.5,34.6,0.198,0.273,0.212,0.297,0.41,0.304,87.0,87.4,-0.5,-4.8,-4.4,0.2
Luis Urias,23,2B,Pre-Arb,568800,Milwaukee-Brewers,41.0,120.0,0.0,11.0,11.0,2.0,8.3,26.7,0.055,0.33799999999999997,0.239,0.308,0.294,0.273,66.0,87.7,-1.2,-6.3,0.6,0.0
Jacob Nottingham,25,C,Pre-Arb,563500,Milwaukee-Brewers,20.0,54.0,4.0,8.0,13.0,0.0,9.3,37.0,0.271,0.20800000000000002,0.188,0.278,0.45799999999999996,0.313,93.0,87.0,0.4,-0.1,1.7,0.4
Jace Peterson,30,3B,Arb 3,563500,Milwaukee-Brewers,26.0,61.0,2.0,6.0,5.0,1.0,24.6,32.8,0.156,0.292,0.2,0.39299999999999996,0.35600000000000004,0.344,113.0,89.2,0.2,1.3,-3.2,0.1
Tyrone Taylor,26,CF,Pre-Arb,565300,Milwaukee-Brewers,22.0,41.0,2.0,6.0,6.0,0.0,4.9,19.5,0.263,0.25,0.237,0.293,0.5,0.33399999999999996,106.0,87.3,-0.1,0.2,0.3,0.2
Ben Gamel,28,LF,Arb 1,1400000,Milwaukee-Brewers,40.0,127.0,3.0,13.0,10.0,0.0,10.2,30.7,0.16699999999999998,0.33299999999999996,0.237,0.315,0.40399999999999997,0.313,93.0,87.9,-4.8,-6.0,-1.6,-0.2
Carlos Santana,34,1B,Vet,20833334,Cleveland-Indians,60.0,255.0,8.0,34.0,30.0,0.0,18.4,16.9,0.15,0.212,0.19899999999999998,0.349,0.35,0.316,95.0,88.0,-0.9,-2.5,-5.4,0.3
Francisco Lindor,26,SS,Arb 2,17500000,Cleveland-Indians,60.0,266.0,8.0,30.0,27.0,6.0,9.0,15.4,0.157,0.28,0.258,0.335,0.415,0.324,100.0,89.9,-2.5,-2.3,8.2,1.7
Jose Ramirez,27,3B,Arb 3,6850000,Cleveland-Indians,58.0,254.0,17.0,45.0,46.0,10.0,12.2,16.9,0.315,0.294,0.292,0.386,0.607,0.415,163.0,88.7,1.9,21.5,1.7,3.4
Cesar Hernandez,30,2B,Arb 4,6343000,Cleveland-Indians,58.0,261.0,3.0,35.0,20.0,0.0,9.2,21.8,0.124,0.364,0.28300000000000003,0.355,0.408,0.335,108.0,89.1,0.4,3.1,4.7,1.9
Roberto Perez,31,C,Pre-Arb,3625000,Cleveland-Indians,32.0,110.0,1.0,6.0,5.0,0.0,10.0,34.5,0.052000000000000005,0.259,0.165,0.264,0.21600000000000003,0.228,35.0,86.0,-1.5,-10.3,6.6,0.1
Sandy Leon,31,C,Arb 4,2000000,Cleveland-Indians,25.0,81.0,2.0,4.0,4.0,0.0,17.3,25.9,0.106,0.163,0.136,0.29600000000000004,0.242,0.259,56.0,84.9,-1.6,-5.9,0.9,-0.1
Delino DeShields,27,CF,Arb 2,1875000,Cleveland-Indians,37.0,120.0,0.0,10.0,7.0,3.0,7.5,24.2,0.065,0.34600000000000003,0.252,0.31,0.318,0.28,71.0,84.0,1.5,-2.8,-1.1,0.1
Tyler Naquin,29,RF,Arb 1,1450000,Cleveland-Indians,40.0,141.0,4.0,15.0,20.0,0.0,3.5,28.4,0.165,0.275,0.218,0.248,0.38299999999999995,0.268,62.0,91.7,-0.1,-6.7,-3.8,-0.4
Austin Hedges,27,C,Arb 2,3000000,Cleveland-Indians,35.0,83.0,3.0,7.0,6.0,1.0,7.2,27.7,0.145,0.159,0.145,0.231,0.29,0.23199999999999998,43.0,90.2,-0.8,-6.7,2.7,-0.1
Franmil Reyes,24,DH,Pre-Arb,586400,Cleveland-Indians,59.0,241.0,9.0,27.0,34.0,0.0,10.0,28.6,0.175,0.355,0.275,0.344,0.45,0.341,112.0,92.4,-1.9,1.6,-6.7,0.6
Mike Freeman,32,2B,Pre-Arb,575000,Cleveland-Indians,24.0,43.0,0.0,5.0,3.0,0.0,7.0,25.6,0.079,0.321,0.237,0.302,0.316,0.275,67.0,84.8,0.4,-1.4,-0.4,0.0
Jordan Luplow,26,LF,Pre-Arb,574500,Cleveland-Indians,29.0,92.0,2.0,8.0,8.0,0.0,13.0,20.7,0.16699999999999998,0.22399999999999998,0.192,0.304,0.359,0.293,80.0,83.5,0.3,-2.0,1.4,0.3
Oscar Mercado,25,CF,Pre-Arb,573400,Cleveland-Indians,36.0,93.0,1.0,6.0,6.0,3.0,5.4,29.0,0.047,0.16899999999999998,0.128,0.174,0.174,0.159,-12.0,88.2,1.9,-11.0,1.4,-0.5
Josh Naylor,23,1B,Pre-Arb,568500,Cleveland-Indians,40.0,104.0,1.0,13.0,6.0,1.0,4.8,11.5,0.08199999999999999,0.27399999999999997,0.247,0.29100000000000004,0.33,0.27399999999999997,68.0,86.8,1.0,-3.1,-1.9,-0.1
Khris Davis,32,DH,Vet,16750000,Oakland-Athletics,30.0,99.0,2.0,9.0,10.0,0.0,10.1,26.3,0.129,0.259,0.2,0.303,0.32899999999999996,0.284,81.0,87.7,-1.3,-3.6,-2.9,-0.3
Marcus Semien,29,SS,Arb 3,13000000,Oakland-Athletics,53.0,236.0,7.0,28.0,23.0,4.0,10.6,21.2,0.152,0.26,0.223,0.305,0.374,0.299,91.0,86.2,1.8,-0.8,4.4,1.2
Stephen Piscotty,29,RF,Arb 2,7333333,Oakland-Athletics,45.0,171.0,5.0,17.0,29.0,4.0,5.3,31.0,0.132,0.304,0.226,0.271,0.358,0.273,73.0,88.1,1.4,-4.2,1.8,0.4
Mark Canha,31,LF,Arb 2,4800000,Oakland-Athletics,59.0,243.0,5.0,32.0,33.0,4.0,15.2,22.2,0.162,0.307,0.24600000000000002,0.387,0.408,0.35100000000000003,127.0,89.7,2.2,10.2,-1.0,1.7
Robbie Grossman,30,OF,Arb 3,3725000,Oakland-Athletics,51.0,192.0,8.0,23.0,23.0,8.0,10.9,19.8,0.24100000000000002,0.267,0.24100000000000002,0.344,0.48200000000000004,0.35100000000000003,126.0,89.0,2.0,8.3,-2.0,1.3
Chad Pinder,28,LF,Arb 1,2025000,Oakland-Athletics,24.0,61.0,2.0,8.0,8.0,0.0,8.2,21.3,0.161,0.268,0.23199999999999998,0.295,0.39299999999999996,0.299,91.0,92.3,-0.7,-1.4,0.3,0.1
Tommy La Stella,31,2B,Arb 3,3250000,Oakland-Athletics,55.0,228.0,5.0,31.0,25.0,1.0,11.8,5.3,0.168,0.276,0.281,0.37,0.449,0.355,129.0,88.0,-2.2,6.0,-2.0,1.2
Matt Olson,26,1B,Pre-Arb,603500,Oakland-Athletics,60.0,245.0,14.0,28.0,42.0,1.0,13.9,31.4,0.22899999999999998,0.22699999999999998,0.195,0.31,0.424,0.316,103.0,92.3,0.2,1.0,-1.8,0.8
Tony Kemp,28,2B,Pre-Arb,597100,Oakland-Athletics,49.0,114.0,0.0,15.0,4.0,3.0,13.2,12.3,0.054000000000000006,0.284,0.247,0.363,0.301,0.307,97.0,85.8,1.8,1.3,-0.6,0.5
Ramon Laureano,25,OF,Pre-Arb,568500,Oakland-Athletics,54.0,222.0,6.0,27.0,25.0,2.0,10.8,26.1,0.153,0.27,0.213,0.33799999999999997,0.366,0.315,102.0,87.7,0.7,1.3,4.0,1.3
Vimael Machin,26,2B,Pre-Arb,563500,Oakland-Athletics,24.0,71.0,0.0,11.0,0.0,0.0,11.3,14.1,0.032,0.245,0.20600000000000002,0.29600000000000004,0.23800000000000002,0.25,58.0,89.9,0.0,-3.6,-1.2,-0.2
Sean Murphy,25,C,Pre-Arb,563500,Oakland-Athletics,43.0,140.0,7.0,21.0,14.0,0.0,17.1,26.4,0.22399999999999998,0.278,0.233,0.364,0.457,0.358,131.0,92.2,-0.1,5.3,5.0,1.5
Jonah Heim,25,C,Pre-Arb,563500,Oakland-Athletics,13.0,41.0,0.0,5.0,5.0,0.0,7.3,7.3,0.0,0.22899999999999998,0.21100000000000002,0.268,0.21100000000000002,0.223,39.0,86.0,-0.2,-3.3,0.8,-0.1
Nate Orf,30,2B,Pre-Arb,563500,Oakland-Athletics,6.0,7.0,0.0,1.0,0.0,0.0,0.0,14.3,0.0,0.0,0.0,0.0,0.0,0.0,-100.0,81.4,0.0,-1.8,-0.2,-0.2
Jake Lamb,29,1B,Arb 3,563500,Oakland-Athletics,31.0,99.0,3.0,7.0,10.0,0.0,8.1,25.3,0.159,0.233,0.193,0.28300000000000003,0.35200000000000004,0.281,77.0,90.2,-0.5,-3.5,-1.5,-0.1
Matt Chapman,27,3B,Pre-Arb,623500,Oakland-Athletics,37.0,152.0,10.0,22.0,25.0,0.0,5.3,35.5,0.303,0.29100000000000004,0.23199999999999998,0.276,0.535,0.335,116.0,93.6,0.0,3.0,3.8,1.2
Salvador Perez,30,C,Vet,14200000,Kansas-City-Royals,37.0,156.0,11.0,22.0,32.0,1.0,1.9,23.1,0.3,0.375,0.33299999999999996,0.353,0.633,0.41,162.0,91.0,-0.2,11.7,1.2,1.9
Jorge Soler,28,DH,Arb 1,7300000,Kansas-City-Royals,43.0,174.0,8.0,17.0,24.0,0.0,10.9,34.5,0.215,0.317,0.228,0.326,0.44299999999999995,0.332,108.0,92.5,0.9,2.6,-4.7,0.6
Whit Merrifield,31,CF,Arb 1,5000000,Kansas-City-Royals,60.0,265.0,9.0,38.0,30.0,12.0,4.5,12.5,0.157,0.295,0.282,0.325,0.44,0.32899999999999996,106.0,86.1,0.0,2.0,0.0,1.4
Maikel Franco,27,3B,Arb 3,3340000,Kansas-City-Royals,60.0,243.0,8.0,23.0,38.0,1.0,6.6,15.6,0.179,0.298,0.278,0.321,0.457,0.32899999999999996,106.0,86.7,-0.7,1.2,1.1,1.3
Alex Gordon,36,LF,Vet,4000000,Kansas-City-Royals,50.0,184.0,4.0,15.0,11.0,0.0,9.8,20.1,0.098,0.24600000000000002,0.209,0.299,0.307,0.275,69.0,82.8,1.0,-6.0,1.1,0.3
Hunter Dozier,28,RF,Pre-Arb,610500,Kansas-City-Royals,44.0,186.0,6.0,29.0,12.0,4.0,14.5,25.8,0.165,0.28800000000000003,0.228,0.344,0.392,0.326,104.0,86.4,1.5,2.6,-2.6,0.8
Adalberto Mondesi,24,SS,Pre-Arb,604500,Kansas-City-Royals,59.0,233.0,6.0,33.0,22.0,24.0,4.7,30.0,0.16,0.35,0.256,0.294,0.41600000000000004,0.305,89.0,90.6,3.6,0.5,3.4,1.4
Ryan O'Hearn,26,1B,Pre-Arb,576950,Kansas-City-Royals,42.0,132.0,2.0,7.0,18.0,0.0,13.6,28.0,0.106,0.267,0.195,0.303,0.301,0.26899999999999996,65.0,90.7,-0.6,-6.3,-3.4,-0.4
Franchy Cordero,25,CF,Pre-Arb,571100,Kansas-City-Royals,16.0,42.0,2.0,7.0,7.0,1.0,9.5,9.5,0.237,0.188,0.21100000000000002,0.28600000000000003,0.447,0.312,95.0,91.2,0.5,0.2,-1.9,0.0
Nick Heath,26,OF,Pre-Arb,563500,Kansas-City-Royals,15.0,18.0,0.0,2.0,3.0,2.0,11.1,33.3,0.077,0.28600000000000003,0.154,0.313,0.231,0.265,63.0,86.9,-0.2,-1.0,1.1,0.1
Edward Olivares,24,OF,Pre-Arb,563500,Kansas-City-Royals,31.0,101.0,3.0,9.0,10.0,0.0,4.0,24.8,0.135,0.29,0.24,0.267,0.375,0.275,70.0,82.7,-0.3,-4.1,-2.8,-0.3
Bubba Starling,27,CF,Pre-Arb,568250,Kansas-City-Royals,35.0,64.0,1.0,5.0,5.0,0.0,6.3,42.2,0.068,0.281,0.16899999999999998,0.21899999999999997,0.237,0.204,21.0,84.2,0.2,-6.1,-1.5,-0.5
Corey Dickerson,31,LF,Vet,8000000,Miami-Marlins,52.0,210.0,7.0,25.0,17.0,1.0,7.1,16.7,0.14400000000000002,0.28300000000000003,0.258,0.311,0.402,0.308,95.0,85.5,0.0,-1.3,-3.8,0.0
Starling Marte,31,CF,Vet,11500000,Miami-Marlins,61.0,250.0,6.0,36.0,27.0,10.0,4.8,16.4,0.149,0.319,0.281,0.34,0.43,0.33299999999999996,109.0,87.0,2.1,5.0,0.7,1.3
Miguel Rojas,31,SS,Arb 3,4750000,Miami-Marlins,40.0,143.0,4.0,20.0,20.0,5.0,11.2,12.6,0.192,0.33,0.304,0.392,0.496,0.379,142.0,87.0,0.0,7.7,5.3,1.6
Jesus Aguilar,30,1B,Arb 1,2575000,Miami-Marlins,51.0,216.0,8.0,31.0,34.0,0.0,10.6,18.5,0.18100000000000002,0.306,0.27699999999999997,0.35200000000000004,0.457,0.34700000000000003,121.0,89.6,-1.6,4.2,-4.2,0.6
Matt Joyce,35,LF,Vet,1593000,Miami-Marlins,46.0,148.0,2.0,16.0,14.0,1.0,13.5,27.7,0.079,0.353,0.252,0.35100000000000003,0.331,0.31,96.0,86.5,0.4,-0.4,-6.5,-0.3
Brian Anderson,27,RF,Pre-Arb,615000,Miami-Marlins,59.0,229.0,11.0,27.0,38.0,0.0,9.6,28.8,0.21,0.32299999999999995,0.255,0.345,0.465,0.348,121.0,87.2,0.6,6.8,-0.9,1.2
Jorge Alfaro,27,C,Pre-Arb,595000,Miami-Marlins,31.0,100.0,3.0,12.0,16.0,2.0,4.0,36.0,0.11800000000000001,0.33299999999999996,0.226,0.28,0.344,0.271,71.0,89.5,0.1,-3.6,-2.5,-0.3
Jon Berti,30,2B,Pre-Arb,595000,Miami-Marlins,39.0,149.0,2.0,21.0,14.0,9.0,15.4,24.8,0.092,0.354,0.258,0.38799999999999996,0.35,0.337,114.0,86.6,2.3,5.0,-0.1,0.9
Lewis Brinson,26,RF,Pre-Arb,580000,Miami-Marlins,47.0,112.0,3.0,14.0,12.0,4.0,5.4,26.8,0.142,0.28800000000000003,0.226,0.268,0.368,0.275,73.0,87.8,1.1,-2.7,-2.2,-0.2
Garrett Cooper,29,1B,Pre-Arb,580000,Miami-Marlins,34.0,133.0,6.0,20.0,20.0,0.0,8.3,23.3,0.217,0.337,0.28300000000000003,0.353,0.5,0.365,133.0,89.9,-1.6,4.0,-2.0,0.5
Magneuris Sierra,24,CF,Pre-Arb,563500,Miami-Marlins,19.0,53.0,0.0,8.0,7.0,4.0,9.4,17.0,0.114,0.306,0.25,0.33299999999999996,0.364,0.307,95.0,83.7,1.6,1.3,2.5,0.5
Chad Wallach,28,C,Pre-Arb,563500,Miami-Marlins,15.0,48.0,1.0,4.0,6.0,0.0,6.3,25.0,0.136,0.29,0.22699999999999998,0.27699999999999997,0.364,0.278,76.0,87.6,0.2,-1.3,1.1,0.1
Monte Harrison,24,CF,Pre-Arb,563500,Miami-Marlins,32.0,51.0,1.0,8.0,3.0,6.0,7.8,51.0,0.085,0.35,0.17,0.235,0.255,0.222,38.0,81.7,1.7,-2.4,-0.1,-0.1
Francisco Cervelli,34,C,Vet,2000000,Miami-Marlins,16.0,62.0,3.0,10.0,7.0,1.0,12.9,22.6,0.20800000000000002,0.278,0.245,0.355,0.45299999999999996,0.35100000000000003,124.0,88.9,-1.1,0.8,0.7,0.3
Harold Ramirez,25,RF,Pre-Arb,580000,Miami-Marlins,3.0,11.0,0.0,2.0,1.0,0.0,9.1,18.2,0.0,0.25,0.2,0.273,0.2,0.22399999999999998,40.0,77.7,-0.3,-1.2,-0.1,-0.1
Logan Forsythe,33,2B,Vet,575000,Miami-Marlins,13.0,38.0,1.0,2.0,2.0,0.0,10.5,31.6,0.11800000000000001,0.14300000000000002,0.11800000000000001,0.21100000000000002,0.235,0.205,27.0,89.6,0.2,-3.4,1.3,-0.1
Isan Diaz,24,2B,Pre-Arb,563500,Miami-Marlins,7.0,22.0,0.0,3.0,1.0,0.0,0.0,31.8,0.0,0.267,0.182,0.182,0.182,0.16,-2.0,88.8,0.2,-2.7,0.1,-0.2
Kevin Kiermaier,30,CF,Vet,10166666,Tampa-Bay-Rays,49.0,159.0,3.0,16.0,22.0,8.0,12.6,26.4,0.145,0.29,0.217,0.321,0.36200000000000004,0.301,93.0,87.7,2.2,0.8,8.3,1.3
Yoshitomo Tsutsugo,28,DH,Pre-Arb,5000000,Tampa-Bay-Rays,51.0,185.0,8.0,27.0,24.0,0.0,14.1,27.0,0.19699999999999998,0.23,0.19699999999999998,0.314,0.395,0.309,98.0,90.2,0.0,-0.5,-1.2,0.3
Mike Zunino,29,C,Arb 4,4500000,Tampa-Bay-Rays,28.0,84.0,4.0,8.0,10.0,0.0,7.1,44.0,0.213,0.20600000000000002,0.147,0.23800000000000002,0.36,0.261,65.0,87.5,-0.3,-4.0,1.7,0.0
Hunter Renfroe,28,RF,Arb 1,3300000,Tampa-Bay-Rays,42.0,139.0,8.0,18.0,22.0,2.0,10.1,26.6,0.23800000000000002,0.141,0.156,0.252,0.39299999999999996,0.27699999999999997,76.0,89.4,-0.3,-4.3,-3.2,-0.4
Manuel Margot,25,CF,Arb 1,2475000,Tampa-Bay-Rays,47.0,159.0,1.0,19.0,11.0,12.0,8.2,15.7,0.083,0.317,0.26899999999999996,0.327,0.35200000000000004,0.301,92.0,89.4,1.5,0.0,1.8,0.6
Brandon Lowe,25,2B,Pre-Arb,1500000,Tampa-Bay-Rays,56.0,224.0,14.0,36.0,37.0,3.0,11.2,25.9,0.285,0.309,0.26899999999999996,0.36200000000000004,0.5539999999999999,0.385,150.0,89.8,2.9,16.7,1.4,2.3
Ji-Man Choi,29,1B,Pre-Arb,850000,Tampa-Bay-Rays,42.0,145.0,3.0,16.0,16.0,0.0,13.8,24.8,0.18,0.29100000000000004,0.23,0.331,0.41,0.316,103.0,89.0,0.5,1.0,-2.1,0.3
Willy Adames,24,SS,Pre-Arb,579500,Tampa-Bay-Rays,54.0,205.0,8.0,29.0,23.0,2.0,9.8,36.1,0.222,0.38799999999999996,0.259,0.332,0.48100000000000004,0.34700000000000003,124.0,88.8,2.0,8.1,1.4,1.5
Austin Meadows,25,LF,Pre-Arb,578900,Tampa-Bay-Rays,36.0,152.0,4.0,19.0,13.0,2.0,11.2,32.9,0.16699999999999998,0.28800000000000003,0.205,0.29600000000000004,0.371,0.292,86.0,90.3,-0.4,-3.0,-3.0,-0.2
Yandy Diaz,28,3B,Pre-Arb,576600,Tampa-Bay-Rays,34.0,138.0,2.0,16.0,11.0,0.0,16.7,12.3,0.079,0.34700000000000003,0.307,0.428,0.386,0.36700000000000005,138.0,88.3,-2.6,3.8,0.4,0.8
Michael Perez,27,C,Pre-Arb,566600,Tampa-Bay-Rays,38.0,93.0,1.0,7.0,13.0,0.0,7.5,29.0,0.071,0.228,0.16699999999999998,0.237,0.23800000000000002,0.217,35.0,87.3,-2.6,-10.0,2.5,-0.5
Kevan Smith,32,C,Arb 1,575000,Tampa-Bay-Rays,17.0,38.0,1.0,3.0,8.0,0.0,13.2,28.9,0.19399999999999998,0.368,0.258,0.37799999999999995,0.452,0.363,135.0,85.8,0.1,1.7,-1.8,0.1
Randy Arozarena,25,OF,Pre-Arb,563500,Tampa-Bay-Rays,23.0,76.0,7.0,15.0,11.0,4.0,7.9,28.9,0.359,0.306,0.281,0.382,0.6409999999999999,0.42200000000000004,176.0,90.3,0.7,7.8,-1.7,0.8
Gregory Polanco,28,RF,Arb 3,8600000,Pittsburgh-Pirates,50.0,174.0,7.0,12.0,22.0,3.0,7.5,37.4,0.172,0.193,0.153,0.214,0.325,0.23199999999999998,42.0,92.9,0.9,-12.0,-3.0,-0.7
Josh Bell,27,1B,Arb 1,4800000,Pittsburgh-Pirates,57.0,223.0,8.0,22.0,22.0,0.0,9.9,26.5,0.138,0.273,0.226,0.305,0.364,0.28600000000000003,78.0,91.7,0.2,-6.1,-7.6,-0.4
Adam Frazier,28,2B,Arb 1,2800000,Pittsburgh-Pirates,58.0,230.0,7.0,22.0,23.0,1.0,7.4,15.2,0.134,0.24600000000000002,0.23,0.297,0.364,0.29100000000000004,81.0,85.5,-1.4,-7.0,3.4,0.6
J.T. Riddle,28,SS,Arb 1,850000,Pittsburgh-Pirates,23.0,69.0,1.0,8.0,1.0,1.0,2.9,18.8,0.075,0.17,0.149,0.174,0.22399999999999998,0.174,4.0,88.8,-0.5,-9.0,-2.1,-0.8
Erik Gonzalez,28,2B,Arb 1,725000,Pittsburgh-Pirates,50.0,193.0,3.0,14.0,20.0,2.0,4.1,26.4,0.133,0.292,0.22699999999999998,0.255,0.359,0.262,62.0,88.5,0.2,-9.2,2.1,0.1
Colin Moran,27,3B,Pre-Arb,593500,Pittsburgh-Pirates,52.0,200.0,10.0,28.0,23.0,0.0,9.5,26.0,0.225,0.29100000000000004,0.247,0.325,0.47200000000000003,0.34,114.0,91.9,-2.9,0.5,-4.6,0.5
Bryan Reynolds,25,CF,Pre-Arb,589500,Pittsburgh-Pirates,55.0,208.0,7.0,24.0,19.0,1.0,10.1,27.4,0.168,0.231,0.18899999999999997,0.275,0.35700000000000004,0.278,72.0,87.5,-1.7,-9.1,0.2,0.0
John Ryan Murphy,29,C,Arb 2,575000,Pittsburgh-Pirates,25.0,63.0,0.0,6.0,2.0,0.0,6.3,44.4,0.034,0.33299999999999996,0.172,0.226,0.207,0.19899999999999998,20.0,83.0,0.4,-6.1,2.1,-0.1
Jose Osuna,27,1B,Pre-Arb,589500,Pittsburgh-Pirates,26.0,82.0,4.0,6.0,11.0,0.0,4.9,19.5,0.192,0.207,0.205,0.244,0.397,0.273,69.0,89.1,-0.3,-3.5,-0.4,0.0
Ke'Bryan Hayes,23,3B,Pre-Arb,563500,Pittsburgh-Pirates,24.0,95.0,5.0,17.0,11.0,1.0,9.5,21.1,0.306,0.45,0.376,0.442,0.682,0.46399999999999997,195.0,92.8,0.3,11.9,0.8,1.7
Jared Oliva,24,CF,Pre-Arb,563500,Pittsburgh-Pirates,6.0,16.0,0.0,0.0,0.0,1.0,0.0,37.5,0.0,0.3,0.188,0.188,0.188,0.165,-2.0,93.2,0.2,-1.9,-0.2,-0.1
Andrew Susac,30,C,Arb 1,575000,Pittsburgh-Pirates,1.0,4.0,0.0,0.0,0.0,0.0,50.0,0.0,0.0,0.0,0.0,0.5,0.0,0.349,120.0,79.2,0.0,0.1,0.0,0.0
Kevin Newman,26,SS,Pre-Arb,589000,Pittsburgh-Pirates,44.0,172.0,1.0,12.0,10.0,0.0,7.0,12.2,0.051,0.25,0.22399999999999998,0.281,0.276,0.251,54.0,85.5,0.3,-9.7,-2.4,-0.4
Jacob Stallings,30,C,Pre-Arb,586500,Pittsburgh-Pirates,42.0,143.0,3.0,13.0,18.0,0.0,10.5,28.0,0.128,0.337,0.248,0.326,0.376,0.309,93.0,88.6,-0.6,-1.9,6.3,1.1
Phillip Evans,27,3B,Pre-Arb,563500,Pittsburgh-Pirates,11.0,45.0,1.0,6.0,9.0,0.0,11.1,15.6,0.128,0.419,0.359,0.444,0.48700000000000004,0.409,159.0,85.5,-0.3,3.1,-1.0,0.4
Cole Tucker,23,SS,Pre-Arb,563500,Pittsburgh-Pirates,37.0,116.0,1.0,17.0,8.0,1.0,4.3,26.7,0.055,0.295,0.22,0.252,0.275,0.233,43.0,83.1,0.5,-7.9,-2.8,-0.5
Anthony Alford,25,OF,Pre-Arb,566800,Pittsburgh-Pirates,18.0,29.0,2.0,5.0,7.0,3.0,3.4,27.6,0.28600000000000003,0.222,0.214,0.24100000000000002,0.5,0.306,91.0,81.3,1.2,0.9,-2.4,-0.1
Jason Martin,24,OF,Pre-Arb,563500,Pittsburgh-Pirates,7.0,11.0,0.0,2.0,0.0,0.0,18.2,36.4,0.0,0.0,0.0,0.182,0.0,0.127,-27.0,76.5,0.2,-1.6,-0.4,-0.1
Jose Iglesias,30,SS,Vet,2500000,Baltimore-Orioles,39.0,150.0,3.0,16.0,24.0,0.0,2.0,11.3,0.183,0.40700000000000003,0.373,0.4,0.556,0.40700000000000003,160.0,86.2,1.0,12.1,-0.1,1.6
Hanser Alberto,27,2B,Arb 1,1650000,Baltimore-Orioles,54.0,231.0,3.0,35.0,22.0,3.0,2.2,13.0,0.11,0.314,0.28300000000000003,0.306,0.39299999999999996,0.301,87.0,82.3,3.1,-0.4,0.2,0.6
Renato Nunez,26,3B,Pre-Arb,578000,Baltimore-Orioles,52.0,216.0,12.0,29.0,31.0,0.0,7.9,29.6,0.23600000000000002,0.317,0.256,0.324,0.49200000000000005,0.34700000000000003,119.0,86.3,-1.5,3.5,-5.9,0.3
Pedro Severino,26,C,Pre-Arb,576000,Baltimore-Orioles,48.0,178.0,5.0,17.0,21.0,1.0,9.0,22.5,0.138,0.304,0.25,0.322,0.38799999999999996,0.312,94.0,87.6,-0.2,-1.5,-1.0,0.2
Rio Ruiz,26,3B,Pre-Arb,573000,Baltimore-Orioles,54.0,204.0,9.0,25.0,32.0,1.0,8.3,22.5,0.205,0.244,0.222,0.28600000000000003,0.42700000000000005,0.303,88.0,87.9,-2.2,-5.1,-0.6,0.0
Chance Sisco,25,C,Pre-Arb,571000,Baltimore-Orioles,36.0,121.0,4.0,11.0,10.0,0.0,14.0,33.9,0.163,0.321,0.214,0.364,0.37799999999999995,0.335,111.0,88.8,-0.1,1.5,-4.9,0.0
Austin Hays,24,CF,Pre-Arb,567500,Baltimore-Orioles,33.0,134.0,4.0,20.0,9.0,2.0,6.0,18.7,0.115,0.316,0.27899999999999997,0.32799999999999996,0.39299999999999996,0.315,96.0,86.9,0.1,-0.5,3.2,0.6
Pat Valaika,27,SS,Pre-Arb,563500,Baltimore-Orioles,52.0,150.0,8.0,24.0,16.0,0.0,5.3,22.7,0.19899999999999998,0.313,0.27699999999999997,0.315,0.475,0.337,112.0,88.7,-3.0,-0.8,-0.7,0.2
Bryan Holaday,32,C,Arb 3,575000,Baltimore-Orioles,21.0,33.0,0.0,5.0,4.0,0.0,6.1,27.3,0.032,0.22699999999999998,0.161,0.212,0.19399999999999998,0.187,9.0,86.1,-0.5,-4.2,-0.1,-0.3
D.J. Stewart,26,RF,Pre-Arb,567500,Baltimore-Orioles,31.0,112.0,7.0,13.0,15.0,0.0,17.9,33.9,0.261,0.233,0.193,0.355,0.455,0.353,123.0,91.4,0.5,3.6,-4.2,0.2
Ryan Mountcastle,23,SS,Pre-Arb,563500,Baltimore-Orioles,35.0,140.0,5.0,12.0,23.0,0.0,7.9,21.4,0.159,0.39799999999999996,0.33299999999999996,0.386,0.49200000000000005,0.377,139.0,87.4,-1.1,5.7,-1.8,0.7
Ramon Urias,26,2B,Pre-Arb,575000,Baltimore-Orioles,10.0,27.0,1.0,3.0,3.0,0.0,7.4,22.2,0.2,0.444,0.36,0.40700000000000003,0.56,0.413,164.0,90.9,-1.0,1.1,-2.1,0.0
Chris Davis,34,1B,Vet,21065362,Baltimore-Orioles,16.0,55.0,0.0,3.0,1.0,0.0,5.5,30.9,0.057999999999999996,0.171,0.115,0.16399999999999998,0.17300000000000001,0.154,-14.0,85.8,0.0,-7.7,-2.2,-0.8
Anthony Santander,25,LF,Pre-Arb,572500,Baltimore-Orioles,37.0,165.0,11.0,24.0,32.0,0.0,6.1,15.2,0.314,0.248,0.261,0.315,0.575,0.364,130.0,88.6,-0.8,5.4,-1.0,0.9
