,Posbr,Name,Agebr,G,PA,AB,R,H,2B,3B,HR,RBI,SB,CS,BB,SO,BA,OBP,SLG,OPS,OPS+,TB,GDP,HBP,SH,SF,IBB,Agesalaries,Possalaries,Arb.Status,Salary,Team
0,C,Travis d'Arnaud,31,44,184,165.0,19.0,53.0,8.0,0.0,9.0,34.0,1.0,0.0,16.0,50.0,0.321,0.386,0.5329999999999999,0.919,138.0,88.0,8.0,2.0,0.0,1.0,0.0,31.0,C,Vet,8000000.0,Atlanta-Braves
1,1B,Freddie Freeman,30,60,262,214.0,51.0,73.0,23.0,1.0,13.0,53.0,2.0,0.0,45.0,37.0,0.341,0.462,0.64,1.102,186.0,137.0,6.0,3.0,0.0,0.0,7.0,30.0,1B,Vet,22559375.0,Atlanta-Braves
2,2B,Ozzie Albies,23,29,124,118.0,21.0,32.0,5.0,0.0,6.0,19.0,3.0,1.0,5.0,30.0,0.271,0.306,0.466,0.773,99.0,55.0,0.0,1.0,0.0,0.0,0.0,23.0,2B,Pre-Arb,1000000.0,Atlanta-Braves
3,SS,Dansby Swanson,26,60,264,237.0,49.0,65.0,15.0,0.0,10.0,35.0,5.0,0.0,22.0,71.0,0.27399999999999997,0.345,0.46399999999999997,0.809,110.0,110.0,0.0,4.0,0.0,1.0,0.0,26.0,SS,Arb 1,3150000.0,Atlanta-Braves
4,3B,Austin Riley,23,51,206,188.0,24.0,45.0,7.0,1.0,8.0,27.0,0.0,0.0,16.0,49.0,0.239,0.301,0.415,0.716,86.0,78.0,5.0,1.0,0.0,1.0,1.0,23.0,3B,Pre-Arb,568500.0,Atlanta-Braves
5,LF,Adam Duvall,31,57,209,190.0,34.0,45.0,8.0,0.0,16.0,33.0,0.0,0.0,15.0,54.0,0.237,0.301,0.532,0.833,113.0,101.0,2.0,3.0,0.0,1.0,0.0,31.0,RF,Arb 2,3250000.0,Atlanta-Braves
6,CF,Ender Inciarte,29,46,131,116.0,17.0,22.0,2.0,1.0,1.0,10.0,4.0,1.0,12.0,25.0,0.19,0.262,0.25,0.512,36.0,29.0,0.0,0.0,1.0,2.0,0.0,29.0,CF,Arb 4,7700000.0,Atlanta-Braves
7,RF,Nick Markakis,36,37,141,130.0,15.0,33.0,15.0,0.0,1.0,15.0,0.0,1.0,10.0,23.0,0.254,0.312,0.392,0.7040000000000001,84.0,51.0,5.0,1.0,0.0,0.0,0.0,36.0,RF,Vet,4000000.0,Atlanta-Braves
8,DH,Marcell Ozuna,29,60,267,228.0,38.0,77.0,14.0,0.0,18.0,56.0,0.0,0.0,38.0,60.0,0.33799999999999997,0.431,0.636,1.067,175.0,145.0,3.0,0.0,0.0,1.0,3.0,29.0,LF,Vet,18000000.0,Atlanta-Braves
11,C,Tyler Flowers,34,22,80,69.0,5.0,15.0,6.0,0.0,1.0,5.0,0.0,0.0,8.0,34.0,0.217,0.325,0.348,0.6729999999999999,77.0,24.0,1.0,3.0,0.0,0.0,0.0,34.0,C,Vet,4000000.0,Atlanta-Braves
12,IF,Adeiny Hechavarria,31,27,63,59.0,7.0,15.0,3.0,0.0,0.0,2.0,0.0,0.0,4.0,12.0,0.254,0.302,0.305,0.607,61.0,18.0,1.0,0.0,0.0,0.0,0.0,31.0,SS,Vet,1000000.0,Atlanta-Braves
18,3B,Pablo Sandoval,33,1,4,2.0,0.0,0.0,0.0,0.0,0.0,0.0,0.0,0.0,2.0,1.0,0.0,0.5,0.0,0.5,50.0,0.0,0.0,0.0,0.0,0.0,0.0,33.0,3B,Vet,563500.0,Atlanta-Braves
48,C,Jorge Alfaro,27,31,100,93.0,12.0,21.0,2.0,0.0,3.0,16.0,2.0,0.0,4.0,36.0,0.226,0.28,0.344,0.624,70.0,32.0,2.0,3.0,0.0,0.0,1.0,27.0,C,Pre-Arb,595000.0,Miami-Marlins
49,1B,Jesus Aguilar,30,51,216,188.0,31.0,52.0,10.0,0.0,8.0,34.0,0.0,1.0,23.0,40.0,0.27699999999999997,0.35200000000000004,0.457,0.809,120.0,86.0,5.0,1.0,0.0,4.0,0.0,30.0,1B,Arb 1,2575000.0,Miami-Marlins
50,2B,Jon Berti,30,39,149,120.0,21.0,31.0,5.0,0.0,2.0,14.0,9.0,2.0,23.0,37.0,0.258,0.38799999999999996,0.35,0.738,105.0,42.0,1.0,3.0,2.0,1.0,0.0,30.0,2B,Pre-Arb,595000.0,Miami-Marlins
51,SS,Miguel Rojas,31,40,143,125.0,20.0,38.0,10.0,1.0,4.0,20.0,5.0,1.0,16.0,18.0,0.304,0.392,0.496,0.888,141.0,62.0,1.0,2.0,0.0,0.0,2.0,31.0,SS,Arb 3,4750000.0,Miami-Marlins
52,3B,Brian Anderson,27,59,229,200.0,27.0,51.0,7.0,1.0,11.0,38.0,0.0,0.0,22.0,66.0,0.255,0.345,0.465,0.81,119.0,93.0,2.0,6.0,0.0,1.0,1.0,27.0,RF,Pre-Arb,615000.0,Miami-Marlins
53,LF,Corey Dickerson,31,52,210,194.0,25.0,50.0,5.0,1.0,7.0,17.0,1.0,1.0,15.0,35.0,0.258,0.311,0.402,0.713,94.0,78.0,5.0,0.0,0.0,0.0,1.0,31.0,LF,Vet,8000000.0,Miami-Marlins
54,CF,Starling Marte,31,28,112,106.0,13.0,26.0,6.0,0.0,4.0,13.0,5.0,0.0,2.0,22.0,0.245,0.28600000000000003,0.415,0.701,89.0,44.0,2.0,4.0,0.0,0.0,0.0,31.0,CF,Vet,11500000.0,Miami-Marlins
56,DH,Garrett Cooper,29,34,133,120.0,20.0,34.0,8.0,0.0,6.0,20.0,0.0,0.0,11.0,31.0,0.28300000000000003,0.353,0.5,0.853,130.0,60.0,5.0,2.0,0.0,0.0,0.0,29.0,1B,Pre-Arb,580000.0,Miami-Marlins
57,MI,Jonathan Villar,29,30,128,116.0,10.0,30.0,4.0,0.0,2.0,9.0,9.0,5.0,10.0,32.0,0.259,0.315,0.345,0.66,81.0,40.0,2.0,0.0,1.0,1.0,1.0,29.0,CF,Arb 3,8200000.0,Toronto-Blue-Jays
58,RF,Lewis Brinson,26,47,112,106.0,14.0,24.0,6.0,0.0,3.0,12.0,4.0,0.0,6.0,30.0,0.226,0.268,0.368,0.636,72.0,39.0,2.0,0.0,0.0,0.0,0.0,26.0,RF,Pre-Arb,580000.0,Miami-Marlins
59,C,Francisco Cervelli,34,16,62,53.0,10.0,13.0,2.0,0.0,3.0,7.0,1.0,0.0,8.0,14.0,0.245,0.355,0.45299999999999996,0.8079999999999999,119.0,24.0,3.0,1.0,0.0,0.0,0.0,34.0,C,Vet,2000000.0,Miami-Marlins
60,MI,Jazz Chisholm,22,21,62,56.0,8.0,9.0,1.0,1.0,2.0,6.0,2.0,2.0,5.0,19.0,0.161,0.242,0.321,0.563,53.0,18.0,0.0,1.0,0.0,0.0,0.0,22.0,SS,Pre-Arb,563500.0,Miami-Marlins
61,OF,Magneuris Sierra,24,19,53,44.0,8.0,11.0,3.0,1.0,0.0,7.0,4.0,1.0,5.0,9.0,0.25,0.33299999999999996,0.364,0.6970000000000001,91.0,16.0,0.0,1.0,2.0,1.0,0.0,24.0,CF,Pre-Arb,563500.0,Miami-Marlins
62,OF,Monte Harrison,24,32,51,47.0,8.0,8.0,1.0,0.0,1.0,3.0,6.0,0.0,4.0,26.0,0.17,0.235,0.255,0.491,35.0,12.0,0.0,0.0,0.0,0.0,0.0,24.0,CF,Pre-Arb,563500.0,Miami-Marlins
63,C,Chad Wallach,28,15,48,44.0,4.0,10.0,3.0,0.0,1.0,6.0,0.0,0.0,3.0,12.0,0.22699999999999998,0.27699999999999997,0.364,0.64,74.0,16.0,1.0,0.0,1.0,0.0,0.0,28.0,C,Pre-Arb,563500.0,Miami-Marlins
66,IF,Logan Forsythe,33,12,38,34.0,2.0,4.0,1.0,0.0,1.0,2.0,0.0,0.0,4.0,12.0,0.11800000000000001,0.21100000000000002,0.235,0.446,22.0,8.0,0.0,0.0,0.0,0.0,0.0,33.0,2B,Vet,575000.0,Miami-Marlins
68,2B,Isan Diaz,24,7,22,22.0,3.0,4.0,0.0,0.0,0.0,1.0,0.0,0.0,0.0,7.0,0.182,0.182,0.182,0.364,0.0,4.0,0.0,0.0,0.0,0.0,0.0,24.0,2B,Pre-Arb,563500.0,Miami-Marlins
70,OF,Harold Ramirez,25,3,11,10.0,2.0,2.0,0.0,0.0,0.0,1.0,0.0,1.0,1.0,2.0,0.2,0.273,0.2,0.473,33.0,2.0,0.0,0.0,0.0,0.0,0.0,25.0,RF,Pre-Arb,580000.0,Miami-Marlins
109,C,J.T. Realmuto,29,47,195,173.0,33.0,46.0,6.0,0.0,11.0,32.0,4.0,1.0,16.0,48.0,0.266,0.349,0.491,0.84,123.0,85.0,3.0,6.0,0.0,0.0,0.0,29.0,C,Arb 3,10000000.0,Philadelphia-Phillies
110,1B,Rhys Hoskins,27,41,185,151.0,35.0,37.0,9.0,0.0,10.0,26.0,1.0,0.0,29.0,43.0,0.245,0.384,0.503,0.887,137.0,76.0,4.0,5.0,0.0,0.0,0.0,27.0,1B,Pre-Arb,605000.0,Philadelphia-Phillies
111,2B,Jean Segura,30,54,217,192.0,28.0,51.0,5.0,2.0,7.0,25.0,2.0,2.0,23.0,45.0,0.266,0.34700000000000003,0.42200000000000004,0.769,106.0,81.0,6.0,1.0,1.0,0.0,2.0,30.0,2B,Vet,14850000.0,Philadelphia-Phillies
112,SS,Didi Gregorius,30,60,237,215.0,34.0,61.0,10.0,2.0,10.0,40.0,3.0,2.0,15.0,28.0,0.284,0.33899999999999997,0.488,0.8270000000000001,119.0,105.0,4.0,4.0,1.0,2.0,3.0,30.0,SS,Vet,14000000.0,Philadelphia-Phillies
113,3B,Alec Bohm,23,44,180,160.0,24.0,54.0,11.0,0.0,4.0,23.0,1.0,1.0,16.0,36.0,0.33799999999999997,0.4,0.48100000000000004,0.8809999999999999,136.0,77.0,4.0,2.0,0.0,2.0,0.0,23.0,3B,Pre-Arb,563500.0,Philadelphia-Phillies
114,LF,Andrew McCutchen,33,57,241,217.0,32.0,55.0,9.0,0.0,10.0,34.0,4.0,0.0,22.0,48.0,0.253,0.324,0.433,0.757,102.0,94.0,4.0,1.0,0.0,1.0,0.0,33.0,LF,Vet,17000000.0,Philadelphia-Phillies
115,CF,Roman Quinn,27,41,116,108.0,14.0,23.0,3.0,1.0,2.0,7.0,12.0,0.0,5.0,39.0,0.213,0.261,0.315,0.5760000000000001,54.0,34.0,0.0,2.0,1.0,0.0,0.0,27.0,CF,Pre-Arb,569000.0,Philadelphia-Phillies
116,RF,Bryce Harper,27,58,244,190.0,41.0,51.0,9.0,2.0,13.0,33.0,8.0,2.0,49.0,43.0,0.268,0.42,0.542,0.9620000000000001,157.0,103.0,5.0,2.0,1.0,2.0,8.0,27.0,RF,Vet,27538462.0,Philadelphia-Phillies
118,2B,Scott Kingery,26,36,124,113.0,12.0,18.0,5.0,0.0,3.0,6.0,0.0,0.0,9.0,35.0,0.159,0.228,0.28300000000000003,0.511,37.0,32.0,1.0,1.0,1.0,0.0,0.0,26.0,3B,Pre-Arb,1750000.0,Philadelphia-Phillies
119,UT,Jay Bruce,33,32,103,96.0,11.0,19.0,4.0,2.0,6.0,14.0,0.0,0.0,7.0,24.0,0.198,0.252,0.469,0.721,88.0,45.0,1.0,0.0,0.0,0.0,1.0,33.0,RF,Vet,14000000.0,Philadelphia-Phillies
120,CF,Adam Haseley,24,40,92,79.0,7.0,22.0,5.0,0.0,0.0,13.0,0.0,0.0,7.0,17.0,0.278,0.348,0.342,0.69,87.0,27.0,3.0,2.0,3.0,1.0,1.0,24.0,CF,Pre-Arb,569500.0,Philadelphia-Phillies
121,C,Andrew Knapp,28,33,89,72.0,9.0,20.0,4.0,1.0,2.0,15.0,0.0,0.0,15.0,19.0,0.278,0.40399999999999997,0.444,0.8490000000000001,129.0,32.0,1.0,1.0,0.0,1.0,0.0,28.0,C,Arb 1,710000.0,Philadelphia-Phillies
123,OF,Kyle Garlick,28,12,23,22.0,0.0,3.0,1.0,0.0,0.0,3.0,0.0,0.0,0.0,7.0,0.136,0.174,0.182,0.35600000000000004,-4.0,4.0,0.0,1.0,0.0,0.0,0.0,28.0,RF,Pre-Arb,564500.0,Philadelphia-Phillies
125,C,Rafael Marchan,21,3,9,8.0,3.0,4.0,0.0,0.0,1.0,3.0,0.0,0.0,1.0,2.0,0.5,0.556,0.875,1.431,277.0,7.0,0.0,0.0,0.0,0.0,0.0,21.0,C,Pre-Arb,563500.0,Philadelphia-Phillies
155,C,Yan Gomes,32,30,119,109.0,14.0,31.0,6.0,1.0,4.0,13.0,1.0,0.0,6.0,22.0,0.284,0.319,0.46799999999999997,0.787,107.0,51.0,1.0,1.0,0.0,3.0,0.0,32.0,C,Vet,4000000.0,Washington-Nationals
156,1B,Eric Thames,33,41,140,123.0,10.0,25.0,5.0,0.0,3.0,12.0,1.0,0.0,14.0,42.0,0.203,0.3,0.317,0.617,65.0,39.0,2.0,3.0,0.0,0.0,1.0,33.0,1B,Vet,3000000.0,Washington-Nationals
157,2B,Luis Garcia,20,40,139,134.0,18.0,37.0,6.0,0.0,2.0,16.0,1.0,1.0,5.0,29.0,0.276,0.302,0.366,0.6679999999999999,78.0,49.0,3.0,0.0,0.0,0.0,0.0,23.0,RP,Pre-Arb,18690.0,Houston-Astros
157,2B,Luis Garcia,20,40,139,134.0,18.0,37.0,6.0,0.0,2.0,16.0,1.0,1.0,5.0,29.0,0.276,0.302,0.366,0.6679999999999999,78.0,49.0,3.0,0.0,0.0,0.0,0.0,20.0,SS,Pre-Arb,563500.0,Washington-Nationals
158,SS,Trea Turner,27,59,259,233.0,46.0,78.0,15.0,4.0,12.0,41.0,12.0,4.0,22.0,36.0,0.335,0.39399999999999996,0.588,0.982,157.0,137.0,5.0,2.0,0.0,2.0,0.0,27.0,SS,Arb 2,7450000.0,Washington-Nationals
159,3B,Carter Kieboom,22,33,122,99.0,15.0,20.0,1.0,0.0,0.0,9.0,0.0,1.0,17.0,33.0,0.20199999999999999,0.344,0.212,0.556,54.0,21.0,6.0,5.0,0.0,1.0,0.0,22.0,3B,Pre-Arb,564700.0,Washington-Nationals
160,LF,Juan Soto,21,47,196,154.0,39.0,54.0,14.0,0.0,13.0,37.0,6.0,2.0,41.0,28.0,0.35100000000000003,0.49,0.695,1.185,212.0,107.0,1.0,1.0,0.0,0.0,12.0,21.0,LF,Pre-Arb,629400.0,Washington-Nationals
161,CF,Victor Robles,23,52,189,168.0,20.0,37.0,5.0,1.0,3.0,15.0,4.0,1.0,9.0,53.0,0.22,0.293,0.315,0.608,63.0,53.0,0.0,9.0,1.0,2.0,0.0,23.0,CF,Pre-Arb,592800.0,Washington-Nationals
162,RF,Adam Eaton,31,41,176,159.0,22.0,36.0,11.0,1.0,4.0,17.0,3.0,0.0,12.0,32.0,0.226,0.285,0.384,0.669,76.0,61.0,4.0,1.0,4.0,0.0,1.0,31.0,RF,Vet,9500000.0,Washington-Nationals
163,DH,Howie Kendrick,36,25,100,91.0,11.0,25.0,4.0,0.0,2.0,14.0,0.0,0.0,7.0,17.0,0.275,0.32,0.385,0.705,87.0,35.0,4.0,0.0,0.0,2.0,2.0,36.0,2B,Vet,4000000.0,Washington-Nationals
164,CI,Asdrubal Cabrera,34,52,213,190.0,23.0,46.0,9.0,3.0,8.0,31.0,0.0,0.0,19.0,40.0,0.242,0.305,0.447,0.753,98.0,85.0,6.0,0.0,0.0,4.0,0.0,34.0,3B,Vet,2685000.0,Washington-Nationals
165,C,Kurt Suzuki,36,33,129,111.0,15.0,30.0,8.0,0.0,2.0,17.0,1.0,0.0,11.0,19.0,0.27,0.349,0.396,0.745,99.0,44.0,4.0,4.0,0.0,3.0,0.0,36.0,C,Vet,6000000.0,Washington-Nationals
167,UT,Josh Harrison,32,33,91,79.0,11.0,22.0,2.0,0.0,3.0,14.0,1.0,2.0,6.0,12.0,0.278,0.35200000000000004,0.418,0.769,105.0,33.0,2.0,4.0,0.0,2.0,0.0,32.0,2B,Vet,1000000.0,Washington-Nationals
168,UT,Brock Holt,32,20,70,65.0,11.0,17.0,6.0,0.0,0.0,4.0,1.0,0.0,5.0,15.0,0.262,0.314,0.354,0.6679999999999999,78.0,23.0,1.0,0.0,0.0,0.0,0.0,32.0,2B,Vet,563500.0,Washington-Nationals
169,2B,Starlin Castro,30,16,63,60.0,9.0,16.0,3.0,1.0,2.0,4.0,0.0,0.0,3.0,13.0,0.267,0.302,0.45,0.752,97.0,27.0,0.0,0.0,0.0,0.0,0.0,30.0,2B,Vet,6000000.0,Washington-Nationals
170,OF,Andrew Stevenson,26,15,47,41.0,11.0,15.0,7.0,1.0,2.0,12.0,2.0,0.0,5.0,11.0,0.366,0.447,0.732,1.179,207.0,30.0,0.0,1.0,0.0,0.0,0.0,26.0,OF,Pre-Arb,563500.0,Washington-Nationals
173,1B,Jake Noll,26,7,17,17.0,2.0,6.0,1.0,0.0,0.0,0.0,0.0,0.0,0.0,4.0,0.353,0.353,0.41200000000000003,0.765,104.0,7.0,1.0,0.0,0.0,0.0,0.0,26.0,2B,Pre-Arb,563500.0,Washington-Nationals
198,C,Wilson Ramos,32,45,155,142.0,13.0,34.0,6.0,0.0,5.0,15.0,0.0,0.0,10.0,31.0,0.239,0.297,0.387,0.684,88.0,55.0,5.0,2.0,0.0,1.0,0.0,32.0,C,Vet,10436000.0,New-York-Mets
199,1B,Pete Alonso,25,57,239,208.0,31.0,48.0,6.0,0.0,16.0,35.0,1.0,0.0,24.0,61.0,0.231,0.326,0.49,0.8170000000000001,123.0,102.0,4.0,6.0,0.0,1.0,4.0,25.0,1B,Pre-Arb,652521.0,New-York-Mets
200,2B,Robinson Cano,37,49,182,171.0,23.0,54.0,9.0,0.0,10.0,30.0,0.0,0.0,9.0,24.0,0.316,0.35200000000000004,0.544,0.8959999999999999,144.0,93.0,7.0,1.0,0.0,1.0,1.0,37.0,2B,Vet,24000000.0,New-York-Mets
201,SS,Amed Rosario,24,46,147,143.0,20.0,36.0,3.0,1.0,4.0,15.0,0.0,1.0,4.0,34.0,0.252,0.272,0.371,0.643,76.0,53.0,5.0,0.0,0.0,0.0,0.0,24.0,SS,Pre-Arb,608780.0,New-York-Mets
202,3B,J.D. Davis,27,56,229,190.0,26.0,47.0,9.0,0.0,6.0,19.0,0.0,0.0,31.0,56.0,0.247,0.371,0.389,0.7609999999999999,112.0,74.0,8.0,7.0,0.0,1.0,1.0,27.0,LF,Pre-Arb,592463.0,New-York-Mets
203,LF,Jeff McNeil,28,52,209,183.0,19.0,57.0,14.0,0.0,4.0,23.0,0.0,2.0,20.0,24.0,0.311,0.38299999999999995,0.45399999999999996,0.836,131.0,83.0,3.0,3.0,0.0,3.0,2.0,28.0,3B,Pre-Arb,617676.0,New-York-Mets
204,CF,Brandon Nimmo,27,55,225,186.0,33.0,52.0,8.0,3.0,8.0,18.0,1.0,2.0,33.0,43.0,0.28,0.40399999999999997,0.484,0.888,146.0,90.0,1.0,6.0,0.0,0.0,0.0,27.0,CF,Arb 1,2175000.0,New-York-Mets
205,RF,Michael Conforto,27,54,233,202.0,40.0,65.0,12.0,0.0,9.0,31.0,3.0,3.0,24.0,57.0,0.322,0.41200000000000003,0.515,0.927,156.0,104.0,6.0,7.0,0.0,0.0,0.0,27.0,RF,Arb 2,8000000.0,New-York-Mets
207,UT,Dominic Smith,25,50,199,177.0,27.0,56.0,21.0,1.0,10.0,42.0,0.0,0.0,14.0,45.0,0.316,0.377,0.616,0.993,169.0,109.0,2.0,5.0,0.0,3.0,0.0,25.0,1B,Pre-Arb,578826.0,New-York-Mets
208,SS,Andres Gimenez,21,49,132,118.0,22.0,31.0,3.0,2.0,3.0,12.0,8.0,1.0,7.0,28.0,0.263,0.33299999999999996,0.39799999999999996,0.732,102.0,47.0,0.0,6.0,0.0,1.0,0.0,21.0,SS,Pre-Arb,563500.0,New-York-Mets
209,IF,Luis Guillorme,25,29,68,57.0,6.0,19.0,6.0,0.0,0.0,9.0,2.0,0.0,10.0,17.0,0.33299999999999996,0.426,0.439,0.865,141.0,25.0,3.0,0.0,0.0,1.0,0.0,25.0,SS,Pre-Arb,566054.0,New-York-Mets
210,3B,Todd Frazier,34,14,51,49.0,5.0,11.0,2.0,0.0,2.0,5.0,0.0,0.0,1.0,16.0,0.22399999999999998,0.255,0.38799999999999996,0.643,75.0,19.0,1.0,1.0,0.0,0.0,0.0,34.0,3B,Vet,3500000.0,New-York-Mets
211,CF,Jake Marisnick,29,16,34,33.0,4.0,11.0,3.0,0.0,2.0,5.0,0.0,0.0,1.0,10.0,0.33299999999999996,0.353,0.606,0.9590000000000001,159.0,20.0,0.0,0.0,0.0,0.0,0.0,29.0,CF,Arb 4,3312500.0,New-York-Mets
212,C,Robinson Chirinos,36,12,33,32.0,1.0,7.0,2.0,0.0,1.0,5.0,0.0,0.0,1.0,9.0,0.21899999999999997,0.242,0.375,0.617,68.0,12.0,2.0,0.0,0.0,0.0,0.0,36.0,C,Vet,5750000.0,New-York-Mets
213,C,Tomas Nido,26,7,26,24.0,4.0,7.0,1.0,0.0,2.0,6.0,0.0,0.0,2.0,6.0,0.292,0.34600000000000003,0.583,0.929,152.0,14.0,2.0,0.0,0.0,0.0,0.0,26.0,C,Pre-Arb,576826.0,New-York-Mets
214,CF,Billy Hamilton,29,17,25,22.0,4.0,1.0,0.0,0.0,0.0,1.0,3.0,1.0,1.0,3.0,0.045,0.083,0.045,0.129,-63.0,1.0,0.0,0.0,1.0,1.0,0.0,29.0,CF,Vet,1000000.0,Chicago-Cubs
215,CF,Guillermo Heredia,29,7,18,17.0,4.0,4.0,0.0,0.0,2.0,3.0,0.0,0.0,1.0,5.0,0.235,0.278,0.588,0.866,131.0,10.0,0.0,0.0,0.0,0.0,0.0,29.0,CF,Arb 1,1000000.0,New-York-Mets
218,OF,Ryan Cordell,28,5,8,8.0,0.0,1.0,0.0,0.0,0.0,0.0,1.0,0.0,0.0,3.0,0.125,0.125,0.125,0.25,-30.0,1.0,0.0,0.0,0.0,0.0,0.0,28.0,LF,Pre-Arb,575000.0,New-York-Mets
219,C,Rene Rivera,36,2,4,4.0,0.0,1.0,0.0,0.0,0.0,0.0,0.0,0.0,0.0,3.0,0.25,0.25,0.25,0.5,40.0,1.0,0.0,0.0,0.0,0.0,0.0,36.0,C,Vet,1000000.0,New-York-Mets
220,DH,Eduardo Nunez,33,2,2,2.0,0.0,1.0,0.0,0.0,0.0,0.0,1.0,0.0,0.0,0.0,0.5,0.5,0.5,1.0,180.0,1.0,0.0,0.0,0.0,0.0,0.0,33.0,3B,Vet,1250000.0,New-York-Mets
245,C,Willson Contreras,28,57,225,189.0,37.0,46.0,10.0,0.0,7.0,26.0,1.0,2.0,20.0,57.0,0.243,0.35600000000000004,0.40700000000000003,0.763,106.0,77.0,6.0,14.0,0.0,2.0,1.0,28.0,C,Arb 1,4500000.0,Chicago-Cubs
246,1B,Anthony Rizzo,30,58,243,203.0,26.0,45.0,6.0,0.0,11.0,24.0,3.0,1.0,28.0,38.0,0.222,0.342,0.414,0.755,103.0,84.0,6.0,10.0,0.0,2.0,4.0,30.0,1B,Vet,16500000.0,Chicago-Cubs
247,2B,Jason Kipnis,33,44,135,114.0,13.0,27.0,8.0,1.0,3.0,16.0,1.0,0.0,18.0,41.0,0.237,0.341,0.40399999999999997,0.7440000000000001,101.0,46.0,1.0,1.0,0.0,2.0,0.0,33.0,2B,Vet,1000000.0,Chicago-Cubs
248,SS,Javier Baez,27,59,235,222.0,27.0,45.0,9.0,1.0,8.0,24.0,3.0,0.0,7.0,75.0,0.203,0.23800000000000002,0.36,0.599,59.0,80.0,8.0,4.0,0.0,2.0,0.0,27.0,SS,Arb 2,10000000.0,Chicago-Cubs
249,3B,David Bote,27,45,145,125.0,15.0,25.0,3.0,1.0,7.0,29.0,2.0,0.0,17.0,40.0,0.2,0.303,0.408,0.711,90.0,51.0,6.0,2.0,0.0,1.0,0.0,27.0,2B,Pre-Arb,960000.0,Chicago-Cubs
250,LF,Kyle Schwarber,27,59,224,191.0,30.0,36.0,6.0,0.0,11.0,24.0,1.0,0.0,30.0,66.0,0.188,0.308,0.39299999999999996,0.701,88.0,75.0,3.0,3.0,0.0,0.0,1.0,27.0,LF,Arb 2,7010000.0,Chicago-Cubs
251,CF,Ian Happ,25,57,231,198.0,27.0,51.0,11.0,1.0,12.0,28.0,1.0,3.0,30.0,63.0,0.258,0.361,0.505,0.866,131.0,100.0,1.0,2.0,1.0,0.0,1.0,25.0,CF,Pre-Arb,624000.0,Chicago-Cubs
252,RF,Jason Heyward,30,50,181,147.0,20.0,39.0,6.0,2.0,6.0,22.0,2.0,0.0,30.0,37.0,0.265,0.392,0.456,0.848,129.0,67.0,1.0,2.0,0.0,2.0,1.0,30.0,RF,Vet,23500000.0,Chicago-Cubs
253,DH,Victor Caratini,26,44,132,116.0,10.0,28.0,7.0,0.0,1.0,16.0,0.0,1.0,12.0,31.0,0.24100000000000002,0.33299999999999996,0.32799999999999996,0.6609999999999999,80.0,38.0,4.0,4.0,0.0,0.0,1.0,26.0,C,Pre-Arb,592000.0,Chicago-Cubs
254,3B,Kris Bryant,28,34,147,131.0,20.0,27.0,5.0,1.0,4.0,11.0,0.0,0.0,12.0,40.0,0.20600000000000002,0.293,0.35100000000000003,0.644,73.0,46.0,1.0,4.0,0.0,0.0,0.0,28.0,3B,Arb 3,18600000.0,Chicago-Cubs
255,2B,Nico Hoerner,23,48,126,108.0,19.0,24.0,4.0,0.0,0.0,13.0,3.0,2.0,12.0,24.0,0.222,0.312,0.259,0.5710000000000001,57.0,28.0,3.0,3.0,0.0,2.0,0.0,23.0,SS,Pre-Arb,565000.0,Chicago-Cubs
256,OF,Cameron Maybin,33,18,56,52.0,3.0,13.0,4.0,1.0,0.0,5.0,3.0,0.0,3.0,12.0,0.25,0.304,0.365,0.669,80.0,19.0,1.0,1.0,0.0,0.0,0.0,33.0,RF,Vet,1500000.0,Chicago-Cubs
261,CF,Billy Hamilton,29,14,11,10.0,6.0,3.0,0.0,0.0,1.0,1.0,3.0,1.0,1.0,4.0,0.3,0.364,0.6,0.9640000000000001,154.0,6.0,0.0,0.0,0.0,0.0,0.0,29.0,CF,Vet,1000000.0,Chicago-Cubs
262,IF,Ildemaro Vargas,28,6,9,9.0,1.0,2.0,0.0,0.0,1.0,1.0,0.0,0.0,0.0,3.0,0.222,0.222,0.556,0.778,100.0,5.0,0.0,0.0,0.0,0.0,0.0,28.0,2B,Pre-Arb,572600.0,Chicago-Cubs
266,P,Alec Mills,28,1,1,1.0,0.0,0.0,0.0,0.0,0.0,0.0,0.0,0.0,0.0,1.0,0.0,0.0,0.0,0.0,-100.0,0.0,0.0,0.0,0.0,0.0,0.0,28.0,SP,Pre-Arb,569500.0,Chicago-Cubs
292,C,Yadier Molina,37,42,156,145.0,12.0,38.0,2.0,0.0,4.0,16.0,0.0,0.0,6.0,21.0,0.262,0.303,0.359,0.662,81.0,52.0,7.0,3.0,1.0,1.0,0.0,37.0,C,Vet,20000000.0,St-Louis-Cardinals
293,1B,Paul Goldschmidt,32,58,231,191.0,31.0,58.0,13.0,0.0,6.0,21.0,1.0,0.0,37.0,43.0,0.304,0.41700000000000004,0.466,0.883,142.0,89.0,4.0,1.0,0.0,1.0,0.0,32.0,1B,Vet,26000000.0,St-Louis-Cardinals
294,2B,Kolten Wong,29,53,208,181.0,26.0,48.0,4.0,2.0,1.0,16.0,5.0,2.0,20.0,30.0,0.265,0.35,0.326,0.675,87.0,59.0,1.0,4.0,2.0,1.0,1.0,29.0,2B,Vet,10250000.0,St-Louis-Cardinals
295,SS,Paul DeJong,26,45,174,152.0,17.0,38.0,6.0,0.0,3.0,25.0,1.0,0.0,17.0,50.0,0.25,0.322,0.349,0.6709999999999999,84.0,53.0,4.0,1.0,0.0,4.0,0.0,26.0,SS,Pre-Arb,1666666.0,St-Louis-Cardinals
296,3B,Matt Carpenter,34,50,169,140.0,22.0,26.0,6.0,0.0,4.0,24.0,0.0,0.0,23.0,48.0,0.18600000000000003,0.325,0.314,0.64,77.0,44.0,1.0,6.0,0.0,0.0,1.0,34.0,3B,Vet,18500000.0,St-Louis-Cardinals
297,LF,Tyler O'Neill,25,50,157,139.0,20.0,24.0,5.0,0.0,7.0,19.0,3.0,1.0,15.0,43.0,0.17300000000000001,0.261,0.36,0.621,68.0,50.0,3.0,2.0,0.0,1.0,0.0,25.0,LF,Pre-Arb,573400.0,St-Louis-Cardinals
298,CF,Harrison Bader,26,50,125,106.0,21.0,24.0,7.0,2.0,4.0,11.0,3.0,1.0,13.0,40.0,0.226,0.336,0.44299999999999995,0.779,111.0,47.0,2.0,5.0,0.0,1.0,0.0,26.0,CF,Pre-Arb,590100.0,St-Louis-Cardinals
299,RF,Dexter Fowler,34,31,101,90.0,14.0,21.0,2.0,0.0,4.0,15.0,1.0,1.0,10.0,28.0,0.233,0.317,0.389,0.706,92.0,35.0,2.0,1.0,0.0,0.0,0.0,34.0,RF,Vet,16500000.0,St-Louis-Cardinals
300,DH,Brad Miller,30,48,171,142.0,21.0,33.0,8.0,1.0,7.0,25.0,1.0,0.0,25.0,46.0,0.23199999999999998,0.35700000000000004,0.451,0.807,120.0,64.0,2.0,3.0,0.0,1.0,1.0,30.0,2B,Vet,2000000.0,St-Louis-Cardinals
301,UT,Tommy Edman,25,55,227,204.0,29.0,51.0,7.0,1.0,5.0,26.0,2.0,4.0,16.0,48.0,0.25,0.317,0.368,0.685,87.0,75.0,5.0,5.0,0.0,2.0,0.0,25.0,LF,Pre-Arb,581800.0,St-Louis-Cardinals
302,OF,Dylan Carlson,21,35,119,110.0,11.0,22.0,7.0,1.0,3.0,16.0,1.0,1.0,8.0,35.0,0.2,0.252,0.364,0.616,66.0,40.0,3.0,0.0,0.0,1.0,0.0,21.0,OF,Pre-Arb,563500.0,St-Louis-Cardinals
303,UT,Rangel Ravelo,28,13,41,35.0,5.0,6.0,1.0,0.0,1.0,6.0,0.0,0.0,4.0,6.0,0.171,0.244,0.28600000000000003,0.53,45.0,10.0,0.0,0.0,0.0,2.0,0.0,28.0,1B,Pre-Arb,566000.0,St-Louis-Cardinals
304,C,Matt Wieters,34,19,41,35.0,3.0,7.0,1.0,0.0,0.0,4.0,0.0,0.0,3.0,10.0,0.2,0.3,0.22899999999999998,0.529,48.0,8.0,1.0,2.0,1.0,0.0,0.0,34.0,C,Vet,2000000.0,St-Louis-Cardinals
308,UT,Austin Dean,26,3,7,4.0,1.0,1.0,1.0,0.0,0.0,0.0,0.0,0.0,3.0,2.0,0.25,0.5710000000000001,0.5,1.071,198.0,2.0,0.0,0.0,0.0,0.0,0.0,26.0,LF,Pre-Arb,563500.0,St-Louis-Cardinals
336,C,Tucker Barnhart,29,38,110,98.0,10.0,20.0,3.0,0.0,5.0,13.0,0.0,0.0,12.0,28.0,0.204,0.29100000000000004,0.38799999999999996,0.679,77.0,38.0,2.0,0.0,0.0,0.0,0.0,29.0,C,Pre-Arb,3937500.0,Cincinnati-Reds
337,1B,Joey Votto,36,54,223,186.0,32.0,42.0,8.0,0.0,11.0,22.0,0.0,0.0,37.0,43.0,0.226,0.354,0.446,0.8,110.0,83.0,5.0,0.0,0.0,0.0,1.0,36.0,1B,Vet,25000000.0,Cincinnati-Reds
338,2B,Mike Moustakas,31,44,163,139.0,13.0,32.0,9.0,0.0,8.0,27.0,1.0,0.0,18.0,36.0,0.23,0.331,0.46799999999999997,0.799,108.0,65.0,5.0,4.0,0.0,2.0,1.0,31.0,2B,Vet,12000000.0,Cincinnati-Reds
339,SS,Freddy Galvis,30,47,159,141.0,18.0,31.0,5.0,0.0,7.0,16.0,1.0,1.0,13.0,30.0,0.22,0.308,0.40399999999999997,0.7120000000000001,86.0,57.0,5.0,5.0,0.0,0.0,0.0,30.0,SS,Vet,5500000.0,Cincinnati-Reds
340,3B,Eugenio Suarez,28,57,231,198.0,29.0,40.0,8.0,0.0,15.0,38.0,2.0,0.0,30.0,67.0,0.20199999999999999,0.312,0.47,0.7809999999999999,102.0,93.0,5.0,2.0,0.0,1.0,1.0,28.0,3B,Arb 3,9535714.0,Cincinnati-Reds
341,LF,Shogo Akiyama,32,54,183,155.0,16.0,38.0,6.0,1.0,0.0,9.0,7.0,3.0,25.0,34.0,0.245,0.35700000000000004,0.297,0.654,76.0,46.0,1.0,2.0,0.0,0.0,0.0,32.0,CF,Pre-Arb,6000000.0,Cincinnati-Reds
342,CF,Nick Senzel,25,23,78,70.0,8.0,13.0,6.0,0.0,2.0,8.0,2.0,1.0,6.0,15.0,0.18600000000000003,0.247,0.35700000000000004,0.604,57.0,25.0,2.0,0.0,0.0,1.0,0.0,25.0,3B,Pre-Arb,570000.0,Cincinnati-Reds
344,DH,Jesse Winker,26,54,183,149.0,27.0,38.0,7.0,0.0,12.0,23.0,1.0,0.0,28.0,46.0,0.255,0.38799999999999996,0.544,0.932,142.0,81.0,3.0,5.0,0.0,1.0,0.0,26.0,LF,Pre-Arb,605000.0,Cincinnati-Reds
345,C,Curt Casali,31,31,93,76.0,10.0,17.0,3.0,0.0,6.0,8.0,1.0,0.0,14.0,29.0,0.22399999999999998,0.366,0.5,0.866,126.0,38.0,2.0,3.0,0.0,0.0,0.0,31.0,C,Arb 2,1462500.0,Cincinnati-Reds
346,IF,Kyle Farmer,29,32,70,64.0,4.0,17.0,3.0,0.0,0.0,4.0,1.0,0.0,5.0,13.0,0.266,0.32899999999999996,0.313,0.6409999999999999,71.0,20.0,0.0,1.0,0.0,0.0,0.0,29.0,C,Pre-Arb,571000.0,Cincinnati-Reds
348,OF,Aristides Aquino,26,23,56,47.0,7.0,8.0,1.0,0.0,2.0,8.0,1.0,0.0,6.0,18.0,0.17,0.304,0.319,0.623,65.0,15.0,1.0,3.0,0.0,0.0,0.0,26.0,RF,Pre-Arb,563500.0,Cincinnati-Reds
349,CF,Brian Goodwin,29,20,55,49.0,5.0,8.0,2.0,0.0,2.0,5.0,4.0,0.0,5.0,19.0,0.163,0.23600000000000002,0.327,0.563,47.0,16.0,1.0,0.0,0.0,1.0,0.0,29.0,RF,Arb 1,2200000.0,Cincinnati-Reds
352,IF,Josh VanMeter,25,14,38,34.0,3.0,2.0,1.0,0.0,1.0,1.0,1.0,0.0,3.0,16.0,0.059000000000000004,0.158,0.17600000000000002,0.33399999999999996,-12.0,6.0,0.0,1.0,0.0,0.0,0.0,25.0,2B,Pre-Arb,568500.0,Arizona-Diamondbacks
379,C,Omar Narvaez,28,40,126,108.0,8.0,19.0,4.0,0.0,2.0,10.0,0.0,0.0,16.0,39.0,0.17600000000000002,0.294,0.26899999999999996,0.562,53.0,29.0,1.0,2.0,0.0,0.0,0.0,28.0,C,Arb 1,2725000.0,Milwaukee-Brewers
381,2B,Keston Hiura,23,59,246,217.0,30.0,46.0,4.0,0.0,13.0,32.0,3.0,2.0,16.0,85.0,0.212,0.297,0.41,0.7070000000000001,88.0,89.0,7.0,11.0,0.0,2.0,2.0,23.0,2B,Pre-Arb,582100.0,Milwaukee-Brewers
382,SS,Orlando Arcia,25,59,189,173.0,22.0,45.0,10.0,1.0,5.0,20.0,2.0,0.0,14.0,32.0,0.26,0.317,0.41600000000000004,0.7340000000000001,96.0,72.0,10.0,1.0,0.0,1.0,0.0,25.0,SS,Arb 1,2200000.0,Milwaukee-Brewers
383,3B,Eric Sogard,34,43,128,115.0,10.0,24.0,5.0,0.0,1.0,10.0,0.0,0.0,11.0,20.0,0.209,0.281,0.278,0.56,52.0,32.0,1.0,1.0,0.0,1.0,0.0,34.0,2B,Vet,4000000.0,Milwaukee-Brewers
384,LF,Christian Yelich,28,58,247,200.0,39.0,41.0,7.0,1.0,12.0,22.0,4.0,2.0,46.0,76.0,0.205,0.35600000000000004,0.43,0.7859999999999999,111.0,86.0,4.0,1.0,0.0,0.0,2.0,28.0,LF,Vet,12500000.0,Milwaukee-Brewers
385,CF,Avisail Garcia,29,53,207,181.0,20.0,43.0,10.0,0.0,2.0,15.0,1.0,3.0,20.0,49.0,0.23800000000000002,0.33299999999999996,0.326,0.659,79.0,59.0,2.0,6.0,0.0,0.0,2.0,29.0,LF,Vet,7250000.0,Milwaukee-Brewers
386,RF,Ben Gamel,28,40,127,114.0,13.0,27.0,8.0,1.0,3.0,10.0,0.0,2.0,13.0,39.0,0.237,0.315,0.40399999999999997,0.718,92.0,46.0,4.0,0.0,0.0,0.0,0.0,28.0,LF,Arb 1,1400000.0,Milwaukee-Brewers
387,DH,Ryan Braun,36,39,141,129.0,14.0,30.0,7.0,1.0,8.0,26.0,1.0,0.0,7.0,27.0,0.233,0.281,0.488,0.769,101.0,63.0,6.0,2.0,0.0,1.0,0.0,36.0,1B,Vet,17000000.0,Milwaukee-Brewers
388,1B,Jedd Gyorko,31,42,135,117.0,19.0,29.0,3.0,0.0,9.0,17.0,0.0,0.0,15.0,38.0,0.248,0.33299999999999996,0.504,0.838,121.0,59.0,4.0,1.0,0.0,2.0,1.0,31.0,3B,Vet,1000000.0,Milwaukee-Brewers
389,3B,Luis Urias,23,41,120,109.0,11.0,26.0,4.0,1.0,0.0,11.0,2.0,2.0,10.0,32.0,0.239,0.308,0.294,0.602,64.0,32.0,4.0,1.0,0.0,0.0,0.0,23.0,2B,Pre-Arb,568800.0,Milwaukee-Brewers
391,UT,Jace Peterson,30,26,61,45.0,6.0,9.0,1.0,0.0,2.0,5.0,1.0,0.0,15.0,20.0,0.2,0.39299999999999996,0.35600000000000004,0.7490000000000001,105.0,16.0,0.0,0.0,0.0,1.0,0.0,30.0,3B,Arb 3,563500.0,Milwaukee-Brewers
392,C,Jacob Nottingham,25,20,54,48.0,8.0,9.0,1.0,0.0,4.0,13.0,0.0,0.0,5.0,20.0,0.188,0.278,0.45799999999999996,0.736,93.0,22.0,1.0,1.0,0.0,0.0,0.0,25.0,C,Pre-Arb,563500.0,Milwaukee-Brewers
394,OF,Tyrone Taylor,26,22,41,38.0,6.0,9.0,4.0,0.0,2.0,6.0,0.0,0.0,2.0,8.0,0.237,0.293,0.5,0.7929999999999999,108.0,19.0,1.0,1.0,0.0,0.0,0.0,26.0,CF,Pre-Arb,565300.0,Milwaukee-Brewers
396,UT,Brock Holt,32,16,36,30.0,1.0,3.0,0.0,0.0,0.0,1.0,0.0,0.0,4.0,9.0,0.1,0.222,0.1,0.322,-8.0,3.0,2.0,1.0,0.0,1.0,0.0,32.0,2B,Vet,563500.0,Washington-Nationals
422,C,Jacob Stallings,30,42,143,125.0,13.0,31.0,7.0,0.0,3.0,18.0,0.0,0.0,15.0,40.0,0.248,0.326,0.376,0.7020000000000001,92.0,47.0,2.0,0.0,2.0,1.0,0.0,30.0,C,Pre-Arb,586500.0,Pittsburgh-Pirates
423,1B,Josh Bell,27,57,223,195.0,22.0,44.0,3.0,0.0,8.0,22.0,0.0,0.0,22.0,59.0,0.226,0.305,0.364,0.669,83.0,71.0,3.0,2.0,0.0,4.0,4.0,27.0,1B,Arb 1,4800000.0,Pittsburgh-Pirates
424,2B,Adam Frazier,28,58,230,209.0,22.0,48.0,7.0,0.0,7.0,23.0,1.0,3.0,17.0,35.0,0.23,0.297,0.364,0.6609999999999999,80.0,76.0,3.0,3.0,1.0,0.0,0.0,28.0,2B,Arb 1,2800000.0,Pittsburgh-Pirates
425,SS,Erik Gonzalez,28,50,193,181.0,14.0,41.0,13.0,1.0,3.0,20.0,2.0,3.0,8.0,51.0,0.22699999999999998,0.255,0.359,0.614,66.0,65.0,5.0,0.0,1.0,3.0,0.0,28.0,2B,Arb 1,725000.0,Pittsburgh-Pirates
426,3B,Ke'Bryan Hayes,23,24,95,85.0,17.0,32.0,7.0,2.0,5.0,11.0,1.0,0.0,9.0,20.0,0.376,0.442,0.682,1.124,202.0,58.0,2.0,1.0,0.0,0.0,2.0,23.0,3B,Pre-Arb,563500.0,Pittsburgh-Pirates
427,LF,Bryan Reynolds,25,55,208,185.0,24.0,35.0,6.0,2.0,7.0,19.0,1.0,1.0,21.0,57.0,0.18899999999999997,0.275,0.35700000000000004,0.632,72.0,66.0,2.0,1.0,0.0,0.0,0.0,25.0,CF,Pre-Arb,589500.0,Pittsburgh-Pirates
428,CF,Cole Tucker,23,37,116,109.0,17.0,24.0,3.0,0.0,1.0,8.0,1.0,0.0,5.0,31.0,0.22,0.252,0.275,0.527,45.0,30.0,3.0,0.0,1.0,1.0,0.0,23.0,SS,Pre-Arb,563500.0,Pittsburgh-Pirates
429,RF,Gregory Polanco,28,50,174,157.0,12.0,24.0,6.0,0.0,7.0,22.0,3.0,1.0,13.0,65.0,0.153,0.214,0.325,0.539,45.0,51.0,1.0,0.0,0.0,3.0,0.0,28.0,RF,Arb 3,8600000.0,Pittsburgh-Pirates
430,DH,Colin Moran,27,52,200,178.0,28.0,44.0,10.0,0.0,10.0,23.0,0.0,0.0,19.0,52.0,0.247,0.325,0.47200000000000003,0.797,115.0,84.0,9.0,2.0,0.0,1.0,0.0,27.0,3B,Pre-Arb,593500.0,Pittsburgh-Pirates
431,MI,Kevin Newman,26,44,172,156.0,12.0,35.0,5.0,0.0,1.0,10.0,0.0,1.0,12.0,21.0,0.22399999999999998,0.281,0.276,0.556,54.0,43.0,1.0,1.0,1.0,2.0,0.0,26.0,SS,Pre-Arb,589000.0,Pittsburgh-Pirates
432,UT,Jose Osuna,27,26,82,78.0,6.0,16.0,3.0,0.0,4.0,11.0,0.0,1.0,4.0,16.0,0.205,0.244,0.397,0.6409999999999999,72.0,31.0,1.0,0.0,0.0,0.0,0.0,27.0,1B,Pre-Arb,589500.0,Pittsburgh-Pirates
434,C,John Ryan Murphy,29,25,63,58.0,6.0,10.0,2.0,0.0,0.0,2.0,0.0,0.0,4.0,28.0,0.172,0.226,0.207,0.433,20.0,12.0,1.0,0.0,1.0,0.0,0.0,29.0,C,Arb 2,575000.0,Pittsburgh-Pirates
435,CF,Jarrod Dyson,35,21,55,51.0,6.0,8.0,0.0,0.0,0.0,5.0,4.0,0.0,4.0,10.0,0.157,0.218,0.157,0.375,6.0,8.0,0.0,0.0,0.0,0.0,0.0,35.0,CF,Vet,2000000.0,Chicago-White-Sox
436,UT,Phillip Evans,27,11,45,39.0,6.0,14.0,2.0,0.0,1.0,9.0,0.0,1.0,5.0,7.0,0.359,0.444,0.48700000000000004,0.932,156.0,19.0,1.0,1.0,0.0,0.0,0.0,27.0,3B,Pre-Arb,563500.0,Pittsburgh-Pirates
437,OF,Guillermo Heredia,29,8,18,16.0,2.0,3.0,0.0,0.0,0.0,2.0,1.0,0.0,2.0,4.0,0.188,0.278,0.188,0.465,32.0,3.0,0.0,0.0,0.0,0.0,0.0,29.0,CF,Arb 1,1000000.0,New-York-Mets
438,OF,Jared Oliva,24,6,16,16.0,0.0,3.0,0.0,0.0,0.0,0.0,1.0,0.0,0.0,6.0,0.188,0.188,0.188,0.375,4.0,3.0,0.0,0.0,0.0,0.0,0.0,24.0,CF,Pre-Arb,563500.0,Pittsburgh-Pirates
439,OF,Anthony Alford,25,5,13,12.0,2.0,3.0,0.0,1.0,1.0,4.0,0.0,0.0,1.0,1.0,0.25,0.308,0.667,0.9740000000000001,156.0,8.0,0.0,0.0,0.0,0.0,0.0,25.0,OF,Pre-Arb,566800.0,Pittsburgh-Pirates
440,OF,Jason Martin,24,7,11,9.0,2.0,0.0,0.0,0.0,0.0,0.0,0.0,0.0,2.0,4.0,0.0,0.182,0.0,0.182,-43.0,0.0,0.0,0.0,0.0,0.0,0.0,24.0,OF,Pre-Arb,563500.0,Pittsburgh-Pirates
442,C,Andrew Susac,30,1,4,2.0,0.0,0.0,0.0,0.0,0.0,0.0,0.0,0.0,2.0,0.0,0.0,0.5,0.0,0.5,56.0,0.0,0.0,0.0,0.0,0.0,0.0,30.0,C,Arb 1,575000.0,Pittsburgh-Pirates
471,C,Will Smith,25,37,137,114.0,23.0,33.0,9.0,0.0,8.0,25.0,0.0,0.0,20.0,22.0,0.289,0.401,0.579,0.98,164.0,66.0,2.0,2.0,0.0,1.0,1.0,25.0,C,Pre-Arb,573500.0,Los-Angeles-Dodgers
471,C,Will Smith,25,37,137,114.0,23.0,33.0,9.0,0.0,8.0,25.0,0.0,0.0,20.0,22.0,0.289,0.401,0.579,0.98,164.0,66.0,2.0,2.0,0.0,1.0,1.0,30.0,RP,Vet,13000000.0,Atlanta-Braves
472,1B,Max Muncy,29,58,248,203.0,36.0,39.0,4.0,0.0,12.0,27.0,1.0,0.0,39.0,60.0,0.192,0.331,0.389,0.72,97.0,79.0,3.0,4.0,0.0,2.0,2.0,29.0,1B,Arb 1,2500000.0,Los-Angeles-Dodgers
473,2B,Enrique Hernandez,28,48,148,139.0,20.0,32.0,8.0,1.0,5.0,20.0,0.0,1.0,6.0,31.0,0.23,0.27,0.41,0.68,83.0,57.0,5.0,2.0,0.0,1.0,0.0,28.0,CF,Arb 3,5900000.0,Los-Angeles-Dodgers
474,SS,Corey Seager,26,52,232,212.0,38.0,65.0,12.0,1.0,15.0,41.0,1.0,0.0,17.0,37.0,0.307,0.358,0.585,0.943,152.0,124.0,8.0,1.0,0.0,2.0,0.0,26.0,SS,Arb 2,7600000.0,Los-Angeles-Dodgers
475,3B,Justin Turner,35,42,175,150.0,26.0,46.0,9.0,1.0,4.0,23.0,1.0,0.0,18.0,26.0,0.307,0.4,0.46,0.86,135.0,69.0,2.0,6.0,0.0,1.0,0.0,35.0,3B,Vet,20000000.0,Los-Angeles-Dodgers
477,CF,Cody Bellinger,24,56,243,213.0,33.0,51.0,10.0,0.0,12.0,30.0,6.0,1.0,30.0,42.0,0.239,0.33299999999999996,0.455,0.789,113.0,97.0,4.0,0.0,0.0,0.0,2.0,24.0,CF,Arb 1,11500000.0,Los-Angeles-Dodgers
478,RF,Mookie Betts,27,55,246,219.0,47.0,64.0,9.0,1.0,16.0,39.0,10.0,2.0,24.0,38.0,0.292,0.366,0.562,0.927,149.0,123.0,2.0,2.0,0.0,1.0,1.0,27.0,RF,Arb 3,32000000.0,Los-Angeles-Dodgers
479,DH,Joc Pederson,28,43,138,121.0,21.0,23.0,4.0,0.0,7.0,16.0,1.0,0.0,11.0,34.0,0.19,0.285,0.397,0.6809999999999999,84.0,48.0,5.0,5.0,0.0,0.0,0.0,28.0,LF,Arb 3,7750000.0,Los-Angeles-Dodgers
480,UT,Chris Taylor,29,56,214,185.0,30.0,50.0,10.0,2.0,8.0,32.0,3.0,2.0,26.0,55.0,0.27,0.366,0.47600000000000003,0.8420000000000001,128.0,88.0,3.0,2.0,1.0,0.0,0.0,29.0,2B,Arb 2,5600000.0,Los-Angeles-Dodgers
481,C,Austin Barnes,30,29,104,86.0,14.0,21.0,3.0,0.0,1.0,9.0,3.0,0.0,13.0,24.0,0.244,0.353,0.314,0.667,85.0,27.0,0.0,2.0,2.0,1.0,0.0,30.0,C,Arb 1,1100000.0,Los-Angeles-Dodgers
482,3B,Edwin Rios,26,32,83,76.0,13.0,19.0,6.0,0.0,8.0,17.0,0.0,0.0,4.0,18.0,0.25,0.301,0.645,0.946,149.0,49.0,2.0,2.0,0.0,1.0,0.0,26.0,1B,Pre-Arb,566000.0,Los-Angeles-Dodgers
483,2B,Gavin Lux,22,19,69,63.0,8.0,11.0,2.0,0.0,3.0,8.0,1.0,0.0,6.0,19.0,0.175,0.24600000000000002,0.349,0.596,61.0,22.0,0.0,0.0,0.0,0.0,0.0,22.0,2B,Pre-Arb,566000.0,Los-Angeles-Dodgers
509,C,Austin Hedges,27,29,71,57.0,7.0,9.0,1.0,0.0,3.0,6.0,1.0,1.0,6.0,18.0,0.158,0.258,0.33299999999999996,0.591,63.0,19.0,3.0,2.0,5.0,1.0,0.0,27.0,C,Arb 2,3000000.0,Cleveland-Indians
510,1B,Eric Hosmer,30,38,156,143.0,23.0,41.0,6.0,0.0,9.0,36.0,4.0,0.0,9.0,28.0,0.287,0.33299999999999996,0.517,0.851,131.0,74.0,3.0,2.0,0.0,2.0,0.0,30.0,1B,Vet,21000000.0,San-Diego-Padres
511,2B,Jake Cronenworth,26,54,192,172.0,26.0,49.0,15.0,3.0,4.0,20.0,3.0,1.0,18.0,30.0,0.285,0.354,0.47700000000000004,0.831,128.0,82.0,4.0,1.0,0.0,1.0,0.0,26.0,SS,Pre-Arb,563500.0,San-Diego-Padres
512,SS,Fernando Tatis Jr.,21,59,257,224.0,50.0,62.0,11.0,2.0,17.0,45.0,11.0,3.0,27.0,61.0,0.27699999999999997,0.366,0.5710000000000001,0.937,155.0,128.0,6.0,5.0,0.0,1.0,1.0,21.0,SS,Pre-Arb,591800.0,San-Diego-Padres
513,3B,Manny Machado,27,60,254,224.0,44.0,68.0,12.0,1.0,16.0,47.0,6.0,3.0,26.0,37.0,0.304,0.37,0.58,0.95,158.0,130.0,9.0,0.0,0.0,4.0,4.0,27.0,3B,Vet,32000000.0,San-Diego-Padres
514,LF,Jurickson Profar,27,56,202,180.0,28.0,50.0,6.0,0.0,7.0,25.0,7.0,1.0,15.0,28.0,0.278,0.34299999999999997,0.428,0.7709999999999999,113.0,77.0,1.0,4.0,1.0,2.0,0.0,27.0,2B,Arb 4,5700000.0,San-Diego-Padres
515,CF,Trent Grisham,23,59,252,215.0,42.0,54.0,8.0,3.0,10.0,26.0,10.0,1.0,31.0,64.0,0.251,0.35200000000000004,0.456,0.8079999999999999,122.0,98.0,1.0,3.0,1.0,1.0,0.0,23.0,CF,Pre-Arb,566800.0,San-Diego-Padres
516,RF,Wil Myers,29,55,218,198.0,34.0,57.0,14.0,2.0,15.0,40.0,2.0,1.0,18.0,56.0,0.28800000000000003,0.353,0.606,0.9590000000000001,159.0,120.0,0.0,2.0,0.0,0.0,0.0,29.0,LF,Vet,22500000.0,San-Diego-Padres
517,DH,Tommy Pham,32,31,125,109.0,13.0,23.0,2.0,0.0,3.0,12.0,6.0,0.0,15.0,27.0,0.21100000000000002,0.312,0.312,0.624,74.0,34.0,2.0,1.0,0.0,0.0,0.0,32.0,LF,Arb 2,7900000.0,San-Diego-Padres
518,C,Austin Nola,30,19,74,63.0,9.0,14.0,4.0,0.0,2.0,9.0,0.0,0.0,9.0,17.0,0.222,0.324,0.381,0.705,95.0,24.0,2.0,1.0,0.0,1.0,0.0,30.0,C,Pre-Arb,570800.0,San-Diego-Padres
519,1B,Mitch Moreland,34,20,73,69.0,8.0,14.0,5.0,0.0,2.0,8.0,0.0,0.0,4.0,14.0,0.203,0.247,0.36200000000000004,0.609,66.0,25.0,0.0,0.0,0.0,0.0,1.0,34.0,1B,Vet,2500000.0,San-Diego-Padres
520,IF,Greg Garcia,30,35,71,60.0,6.0,12.0,3.0,0.0,0.0,11.0,1.0,0.0,7.0,18.0,0.2,0.27899999999999997,0.25,0.529,49.0,15.0,0.0,0.0,3.0,1.0,0.0,30.0,2B,Arb 2,1500000.0,San-Diego-Padres
521,CI,Ty France,25,20,61,55.0,9.0,17.0,4.0,0.0,2.0,10.0,0.0,0.0,5.0,15.0,0.309,0.377,0.491,0.868,139.0,27.0,1.0,1.0,0.0,0.0,0.0,25.0,3B,Pre-Arb,567100.0,Seattle-Mariners
523,UT,Josh Naylor,23,18,38,36.0,4.0,10.0,0.0,1.0,1.0,4.0,1.0,0.0,1.0,4.0,0.278,0.316,0.41700000000000004,0.732,101.0,15.0,2.0,1.0,0.0,0.0,0.0,23.0,1B,Pre-Arb,568500.0,Cleveland-Indians
524,OF,Edward Olivares,24,13,36,34.0,4.0,6.0,1.0,0.0,1.0,3.0,0.0,1.0,2.0,14.0,0.17600000000000002,0.222,0.294,0.516,42.0,10.0,0.0,0.0,0.0,0.0,0.0,24.0,OF,Pre-Arb,563500.0,Kansas-City-Royals
525,C,Jason Castro,33,9,30,28.0,3.0,5.0,5.0,0.0,0.0,3.0,0.0,0.0,2.0,10.0,0.179,0.233,0.35700000000000004,0.59,61.0,10.0,1.0,0.0,0.0,0.0,0.0,33.0,C,Vet,6850000.0,San-Diego-Padres
526,UT,Jorge Mateo,25,22,28,26.0,4.0,4.0,3.0,0.0,0.0,2.0,1.0,0.0,1.0,11.0,0.154,0.185,0.26899999999999996,0.45399999999999996,24.0,7.0,1.0,0.0,1.0,0.0,0.0,25.0,SS,Pre-Arb,563500.0,San-Diego-Padres
529,C,Luis Torrens,24,7,13,11.0,0.0,3.0,1.0,0.0,0.0,0.0,0.0,0.0,1.0,2.0,0.273,0.33299999999999996,0.364,0.6970000000000001,94.0,4.0,0.0,0.0,1.0,0.0,0.0,24.0,C,Pre-Arb,568800.0,Seattle-Mariners
530,DH,Luis Campusano,21,1,4,3.0,2.0,1.0,0.0,0.0,1.0,1.0,0.0,0.0,0.0,2.0,0.33299999999999996,0.5,1.3330000000000002,1.8330000000000002,383.0,4.0,0.0,1.0,0.0,0.0,0.0,21.0,C,Pre-Arb,563500.0,San-Diego-Padres
532,P,Tim Hill,30,1,1,1.0,0.0,0.0,0.0,0.0,0.0,0.0,0.0,0.0,0.0,1.0,0.0,0.0,0.0,0.0,-100.0,0.0,0.0,0.0,0.0,0.0,0.0,30.0,RP,Pre-Arb,585750.0,San-Diego-Padres
533,P,Austin Adams,29,1,1,1.0,0.0,0.0,0.0,0.0,0.0,0.0,0.0,0.0,0.0,1.0,0.0,0.0,0.0,0.0,-100.0,0.0,0.0,0.0,0.0,0.0,0.0,33.0,RP,Pre-Arb,570900.0,San-Diego-Padres
556,C,Joey Bart,23,33,111,103.0,15.0,24.0,5.0,2.0,0.0,7.0,0.0,0.0,3.0,41.0,0.233,0.28800000000000003,0.32,0.609,69.0,33.0,1.0,5.0,0.0,0.0,0.0,23.0,C,Pre-Arb,563500.0,San-Francisco-Giants
557,1B,Brandon Belt,32,51,179,149.0,25.0,46.0,13.0,1.0,9.0,30.0,0.0,0.0,30.0,36.0,0.309,0.425,0.591,1.015,178.0,88.0,5.0,0.0,0.0,0.0,1.0,32.0,1B,Vet,17200000.0,San-Francisco-Giants
558,2B,Donovan Solano,32,54,203,190.0,22.0,62.0,15.0,1.0,3.0,29.0,0.0,0.0,10.0,39.0,0.326,0.365,0.46299999999999997,0.828,128.0,88.0,2.0,2.0,0.0,1.0,0.0,32.0,2B,Arb 2,1375000.0,San-Francisco-Giants
559,SS,Brandon Crawford,33,54,193,172.0,26.0,44.0,12.0,0.0,8.0,28.0,1.0,2.0,15.0,47.0,0.256,0.326,0.465,0.792,116.0,80.0,3.0,4.0,0.0,2.0,2.0,33.0,SS,Vet,15200000.0,San-Francisco-Giants
560,3B,Evan Longoria,34,53,209,193.0,26.0,49.0,10.0,1.0,7.0,28.0,0.0,1.0,11.0,39.0,0.254,0.297,0.425,0.722,97.0,82.0,10.0,2.0,0.0,3.0,0.0,34.0,3B,Vet,15000000.0,San-Francisco-Giants
561,LF,Alex Dickerson,30,52,170,151.0,28.0,45.0,10.0,1.0,10.0,27.0,0.0,0.0,16.0,30.0,0.298,0.371,0.5760000000000001,0.9470000000000001,157.0,87.0,5.0,2.0,0.0,1.0,2.0,30.0,LF,Arb 2,925000.0,San-Francisco-Giants
562,CF,Mauricio Dubon,25,54,177,157.0,21.0,43.0,4.0,1.0,4.0,19.0,2.0,3.0,15.0,36.0,0.27399999999999997,0.337,0.389,0.726,101.0,61.0,4.0,1.0,1.0,2.0,0.0,25.0,2B,Pre-Arb,566625.0,San-Francisco-Giants
563,RF,Mike Yastrzemski,29,54,225,192.0,39.0,57.0,14.0,4.0,10.0,35.0,2.0,1.0,30.0,55.0,0.297,0.4,0.568,0.968,165.0,109.0,2.0,3.0,0.0,0.0,2.0,29.0,RF,Pre-Arb,569750.0,San-Francisco-Giants
564,DH,Wilmer Flores,28,55,213,198.0,30.0,53.0,11.0,1.0,12.0,32.0,1.0,0.0,13.0,36.0,0.268,0.315,0.515,0.83,125.0,102.0,5.0,1.0,0.0,1.0,1.0,28.0,2B,Vet,3000000.0,San-Francisco-Giants
565,DH,Austin Slater,27,31,104,85.0,18.0,24.0,2.0,1.0,5.0,7.0,8.0,1.0,16.0,22.0,0.282,0.408,0.506,0.914,152.0,43.0,2.0,2.0,1.0,0.0,0.0,27.0,LF,Pre-Arb,576000.0,San-Francisco-Giants
566,UT,Darin Ruf,33,40,100,87.0,11.0,24.0,6.0,0.0,5.0,18.0,1.0,0.0,13.0,23.0,0.276,0.37,0.517,0.887,143.0,45.0,1.0,0.0,0.0,0.0,0.0,33.0,1B,Pre-Arb,563500.0,San-Francisco-Giants
567,DH,Pablo Sandoval,33,33,90,82.0,5.0,18.0,1.0,0.0,1.0,6.0,0.0,0.0,6.0,18.0,0.22,0.278,0.268,0.546,53.0,22.0,3.0,1.0,0.0,1.0,0.0,33.0,3B,Vet,563500.0,Atlanta-Braves
568,C,Chadwick Tromp,25,24,64,61.0,11.0,13.0,1.0,0.0,4.0,10.0,0.0,0.0,1.0,20.0,0.213,0.21899999999999997,0.426,0.645,73.0,26.0,3.0,0.0,0.0,2.0,0.0,25.0,C,Pre-Arb,563500.0,San-Francisco-Giants
570,C,Tyler Heineman,29,15,50,42.0,3.0,8.0,1.0,0.0,0.0,1.0,1.0,0.0,4.0,6.0,0.19,0.292,0.214,0.506,44.0,9.0,0.0,2.0,2.0,0.0,0.0,29.0,C,Pre-Arb,563500.0,San-Francisco-Giants
571,OF,Steven Duggar,26,21,36,34.0,3.0,6.0,2.0,0.0,0.0,3.0,1.0,0.0,1.0,11.0,0.17600000000000002,0.222,0.235,0.45799999999999996,27.0,8.0,1.0,1.0,0.0,0.0,0.0,26.0,CF,Pre-Arb,563500.0,San-Francisco-Giants
572,UT,Daniel Robertson,26,13,24,21.0,4.0,7.0,0.0,0.0,0.0,2.0,0.0,0.0,3.0,6.0,0.33299999999999996,0.41700000000000004,0.33299999999999996,0.75,113.0,7.0,0.0,0.0,0.0,0.0,0.0,26.0,SS,Arb 1,1025000.0,San-Francisco-Giants
573,OF,Luis Alexander Basabe,23,9,18,14.0,5.0,2.0,0.0,0.0,0.0,1.0,2.0,0.0,4.0,5.0,0.14300000000000002,0.33299999999999996,0.14300000000000002,0.47600000000000003,40.0,2.0,0.0,0.0,0.0,0.0,0.0,23.0,OF,Pre-Arb,563500.0,San-Francisco-Giants
577,RF,Joey Rickard,29,4,6,5.0,1.0,0.0,0.0,0.0,0.0,0.0,0.0,0.0,1.0,1.0,0.0,0.16699999999999998,0.0,0.16699999999999998,-47.0,0.0,0.0,0.0,0.0,0.0,0.0,29.0,LF,Pre-Arb,563500.0,San-Francisco-Giants
601,C,Tony Wolters,28,42,109,100.0,10.0,23.0,4.0,0.0,0.0,8.0,0.0,0.0,6.0,30.0,0.23,0.28,0.27,0.55,41.0,27.0,1.0,1.0,2.0,0.0,0.0,28.0,C,Arb 2,1900000.0,Colorado-Rockies
602,1B,Daniel Murphy,35,40,132,123.0,10.0,29.0,3.0,0.0,3.0,16.0,0.0,0.0,7.0,21.0,0.23600000000000002,0.275,0.33299999999999996,0.608,54.0,41.0,3.0,0.0,0.0,1.0,2.0,35.0,1B,Vet,8000000.0,Colorado-Rockies
603,2B,Ryan McMahon,25,52,193,172.0,23.0,37.0,6.0,1.0,9.0,26.0,0.0,1.0,18.0,66.0,0.215,0.295,0.419,0.7140000000000001,79.0,72.0,4.0,2.0,0.0,1.0,0.0,25.0,2B,Pre-Arb,573500.0,Colorado-Rockies
604,SS,Trevor Story,27,59,259,235.0,41.0,68.0,13.0,4.0,11.0,28.0,15.0,3.0,24.0,63.0,0.289,0.355,0.519,0.8740000000000001,118.0,122.0,5.0,0.0,0.0,0.0,1.0,27.0,SS,Arb 2,9000000.0,Colorado-Rockies
605,3B,Nolan Arenado,29,48,201,182.0,23.0,46.0,9.0,0.0,8.0,26.0,0.0,0.0,15.0,20.0,0.253,0.303,0.434,0.738,84.0,79.0,7.0,0.0,0.0,4.0,3.0,29.0,3B,Vet,35025000.0,Colorado-Rockies
606,LF,Raimel Tapia,26,51,206,184.0,26.0,59.0,8.0,2.0,1.0,17.0,8.0,2.0,14.0,38.0,0.321,0.369,0.402,0.772,96.0,74.0,3.0,2.0,1.0,3.0,0.0,26.0,CF,Pre-Arb,573500.0,Colorado-Rockies
607,CF,Kevin Pillar,31,24,97,91.0,14.0,28.0,5.0,1.0,2.0,13.0,4.0,1.0,5.0,18.0,0.308,0.35100000000000003,0.451,0.8009999999999999,102.0,41.0,0.0,1.0,0.0,0.0,1.0,31.0,CF,Arb 3,4250000.0,Colorado-Rockies
608,RF,Charlie Blackmon,33,59,247,221.0,31.0,67.0,12.0,1.0,6.0,42.0,2.0,1.0,19.0,44.0,0.303,0.35600000000000004,0.44799999999999995,0.804,103.0,99.0,4.0,2.0,0.0,5.0,4.0,34.0,RF,Vet,21333333.0,Colorado-Rockies
609,DH,Matt Kemp,35,43,132,117.0,18.0,28.0,3.0,0.0,6.0,21.0,1.0,0.0,15.0,41.0,0.239,0.326,0.419,0.745,88.0,49.0,5.0,0.0,0.0,0.0,1.0,35.0,LF,Vet,1000000.0,Colorado-Rockies
610,UT,Garrett Hampson,25,53,184,167.0,25.0,39.0,4.0,3.0,5.0,11.0,6.0,1.0,13.0,60.0,0.23399999999999999,0.287,0.38299999999999995,0.6709999999999999,68.0,64.0,1.0,0.0,3.0,1.0,0.0,25.0,2B,Pre-Arb,568500.0,Colorado-Rockies
611,OF,Sam Hilliard,26,36,114,105.0,13.0,22.0,2.0,2.0,6.0,10.0,3.0,0.0,9.0,42.0,0.21,0.272,0.43799999999999994,0.71,76.0,46.0,0.0,0.0,0.0,0.0,0.0,26.0,CF,Pre-Arb,565500.0,Colorado-Rockies
612,1B,Josh Fuentes,27,30,103,98.0,14.0,30.0,7.0,0.0,2.0,17.0,1.0,0.0,2.0,29.0,0.306,0.32,0.439,0.759,90.0,43.0,1.0,1.0,0.0,2.0,0.0,27.0,1B,Pre-Arb,565500.0,Colorado-Rockies
613,CF,David Dahl,26,24,99,93.0,9.0,17.0,2.0,2.0,0.0,9.0,1.0,0.0,4.0,28.0,0.183,0.222,0.247,0.47,19.0,23.0,0.0,1.0,0.0,1.0,0.0,26.0,CF,Arb 1,2475000.0,Colorado-Rockies
614,C,Elias Diaz,29,26,73,68.0,4.0,16.0,2.0,0.0,2.0,9.0,0.0,0.0,5.0,15.0,0.235,0.28800000000000003,0.353,0.6409999999999999,62.0,24.0,4.0,0.0,0.0,0.0,0.0,29.0,C,Arb 1,575000.0,Colorado-Rockies
615,UT,Chris Owings,28,17,44,41.0,9.0,11.0,1.0,0.0,2.0,5.0,1.0,0.0,3.0,11.0,0.268,0.318,0.439,0.757,90.0,18.0,0.0,0.0,0.0,0.0,0.0,28.0,2B,Vet,563500.0,Colorado-Rockies
616,C,Drew Butera,36,28,43,39.0,4.0,6.0,2.0,0.0,0.0,4.0,0.0,0.0,2.0,11.0,0.154,0.19,0.205,0.396,1.0,8.0,3.0,0.0,1.0,1.0,0.0,36.0,C,Vet,1000000.0,Colorado-Rockies
617,2B,Brendan Rodgers,23,7,21,21.0,1.0,2.0,1.0,0.0,0.0,2.0,0.0,0.0,0.0,6.0,0.095,0.095,0.14300000000000002,0.23800000000000002,-41.0,3.0,0.0,0.0,0.0,0.0,0.0,23.0,SS,Pre-Arb,565500.0,Colorado-Rockies
641,C,Carson Kelly,25,39,129,122.0,11.0,27.0,5.0,0.0,5.0,19.0,0.0,0.0,6.0,29.0,0.221,0.264,0.385,0.649,71.0,47.0,4.0,1.0,0.0,0.0,0.0,25.0,C,Pre-Arb,581700.0,Arizona-Diamondbacks
642,1B,Christian Walker,29,57,243,218.0,35.0,59.0,18.0,1.0,7.0,34.0,1.0,1.0,19.0,50.0,0.271,0.33299999999999996,0.45899999999999996,0.792,110.0,100.0,6.0,3.0,0.0,3.0,0.0,29.0,1B,Pre-Arb,589500.0,Arizona-Diamondbacks
643,2B,Ketel Marte,26,45,195,181.0,19.0,52.0,14.0,1.0,2.0,17.0,1.0,0.0,7.0,21.0,0.287,0.32299999999999995,0.409,0.732,95.0,74.0,2.0,4.0,0.0,3.0,0.0,26.0,2B,Arb 2,4000000.0,Arizona-Diamondbacks
644,SS,Nick Ahmed,30,57,217,199.0,29.0,53.0,10.0,1.0,5.0,29.0,4.0,0.0,18.0,46.0,0.266,0.327,0.402,0.7290000000000001,94.0,80.0,3.0,0.0,0.0,0.0,0.0,30.0,SS,Arb 3,6375000.0,Arizona-Diamondbacks
645,3B,Eduardo Escobar,31,54,222,203.0,22.0,43.0,7.0,3.0,4.0,20.0,1.0,0.0,15.0,41.0,0.212,0.27,0.335,0.605,61.0,68.0,5.0,2.0,0.0,2.0,4.0,31.0,3B,Vet,7166666.0,Arizona-Diamondbacks
646,LF,David Peralta,32,54,218,203.0,19.0,61.0,10.0,1.0,5.0,34.0,1.0,0.0,13.0,45.0,0.3,0.33899999999999997,0.433,0.773,106.0,88.0,4.0,0.0,0.0,2.0,0.0,32.0,LF,Arb 3,7000000.0,Arizona-Diamondbacks
647,CF,Starling Marte,31,33,138,122.0,23.0,38.0,8.0,1.0,2.0,14.0,5.0,2.0,10.0,19.0,0.311,0.384,0.44299999999999995,0.8270000000000001,121.0,54.0,3.0,5.0,0.0,1.0,1.0,31.0,CF,Vet,11500000.0,Miami-Marlins
648,RF,Kole Calhoun,32,54,228,190.0,35.0,43.0,9.0,0.0,16.0,40.0,1.0,1.0,28.0,50.0,0.226,0.33799999999999997,0.526,0.8640000000000001,127.0,100.0,6.0,6.0,0.0,4.0,0.0,32.0,RF,Vet,6000000.0,Arizona-Diamondbacks
649,DH,Daulton Varsho,23,37,115,101.0,16.0,19.0,5.0,2.0,3.0,9.0,3.0,1.0,12.0,33.0,0.188,0.287,0.366,0.653,74.0,37.0,1.0,2.0,0.0,0.0,0.0,23.0,C,Pre-Arb,563500.0,Arizona-Diamondbacks
650,OF,Tim Locastro,27,33,82,69.0,15.0,20.0,4.0,1.0,2.0,7.0,4.0,0.0,8.0,14.0,0.29,0.395,0.46399999999999997,0.8590000000000001,130.0,32.0,0.0,4.0,1.0,0.0,0.0,27.0,CF,Pre-Arb,574400.0,Arizona-Diamondbacks
651,C,Stephen Vogt,35,26,81,72.0,6.0,12.0,5.0,0.0,1.0,7.0,0.0,0.0,8.0,18.0,0.16699999999999998,0.247,0.278,0.525,41.0,20.0,1.0,0.0,0.0,1.0,0.0,35.0,C,Vet,2500000.0,Arizona-Diamondbacks
652,UT,Josh Rojas,26,17,70,61.0,9.0,11.0,0.0,0.0,0.0,2.0,1.0,1.0,7.0,16.0,0.18,0.257,0.18,0.43700000000000006,21.0,11.0,1.0,0.0,0.0,2.0,0.0,26.0,2B,Pre-Arb,568800.0,Arizona-Diamondbacks
653,OF,Jon Jay,35,18,57,50.0,5.0,8.0,1.0,0.0,1.0,4.0,0.0,0.0,3.0,12.0,0.16,0.21100000000000002,0.24,0.451,21.0,12.0,0.0,1.0,0.0,3.0,0.0,35.0,RF,Vet,1550000.0,Arizona-Diamondbacks
654,CI,Jake Lamb,29,18,50,43.0,2.0,5.0,1.0,0.0,0.0,1.0,0.0,1.0,6.0,17.0,0.11599999999999999,0.24,0.14,0.38,6.0,6.0,0.0,1.0,0.0,0.0,0.0,29.0,1B,Arb 3,563500.0,Oakland-Athletics
655,UT,Pavin Smith,24,12,44,37.0,7.0,10.0,0.0,1.0,1.0,4.0,1.0,0.0,5.0,8.0,0.27,0.341,0.405,0.746,99.0,15.0,0.0,0.0,0.0,2.0,0.0,24.0,1B,Pre-Arb,563500.0,Arizona-Diamondbacks
656,IF,Josh VanMeter,25,12,41,36.0,6.0,7.0,2.0,0.0,1.0,5.0,0.0,0.0,4.0,8.0,0.19399999999999998,0.293,0.33299999999999996,0.626,68.0,12.0,0.0,1.0,0.0,0.0,0.0,25.0,2B,Pre-Arb,568500.0,Arizona-Diamondbacks
658,3B,Wyatt Mathisen,26,9,33,27.0,5.0,6.0,0.0,0.0,2.0,5.0,0.0,0.0,5.0,12.0,0.222,0.364,0.444,0.8079999999999999,116.0,12.0,0.0,1.0,0.0,0.0,0.0,26.0,3B,Pre-Arb,563500.0,Arizona-Diamondbacks
659,IF,Ildemaro Vargas,28,8,21,20.0,2.0,3.0,0.0,0.0,0.0,0.0,0.0,0.0,1.0,5.0,0.15,0.19,0.15,0.34,-7.0,3.0,1.0,0.0,0.0,0.0,0.0,28.0,2B,Pre-Arb,572600.0,Chicago-Cubs
686,C,Michael Perez,27,38,93,84.0,7.0,14.0,3.0,0.0,1.0,13.0,0.0,0.0,7.0,27.0,0.16699999999999998,0.237,0.23800000000000002,0.475,34.0,20.0,3.0,1.0,0.0,1.0,0.0,27.0,C,Pre-Arb,566600.0,Tampa-Bay-Rays
687,1B,Ji-Man Choi,29,42,145,122.0,16.0,28.0,13.0,0.0,3.0,16.0,0.0,0.0,20.0,36.0,0.23,0.331,0.41,0.741,106.0,50.0,1.0,0.0,0.0,3.0,2.0,29.0,1B,Pre-Arb,850000.0,Tampa-Bay-Rays
688,2B,Brandon Lowe,25,56,224,193.0,36.0,52.0,9.0,2.0,14.0,37.0,3.0,0.0,25.0,58.0,0.26899999999999996,0.36200000000000004,0.5539999999999999,0.9159999999999999,152.0,107.0,2.0,4.0,0.0,2.0,0.0,25.0,2B,Pre-Arb,1500000.0,Tampa-Bay-Rays
689,SS,Willy Adames,24,54,205,185.0,29.0,48.0,15.0,1.0,8.0,23.0,2.0,1.0,20.0,74.0,0.259,0.332,0.48100000000000004,0.813,124.0,89.0,4.0,0.0,0.0,0.0,0.0,24.0,SS,Pre-Arb,579500.0,Tampa-Bay-Rays
691,LF,Austin Meadows,25,36,152,132.0,19.0,27.0,8.0,1.0,4.0,13.0,2.0,1.0,17.0,50.0,0.205,0.29600000000000004,0.371,0.667,86.0,49.0,0.0,1.0,0.0,2.0,0.0,25.0,LF,Pre-Arb,578900.0,Tampa-Bay-Rays
692,CF,Kevin Kiermaier,30,49,159,138.0,16.0,30.0,5.0,3.0,3.0,22.0,8.0,1.0,20.0,42.0,0.217,0.321,0.36200000000000004,0.6829999999999999,91.0,50.0,2.0,1.0,0.0,0.0,1.0,30.0,CF,Vet,10166666.0,Tampa-Bay-Rays
693,RF,Hunter Renfroe,28,42,139,122.0,18.0,19.0,5.0,0.0,8.0,22.0,2.0,0.0,14.0,37.0,0.156,0.252,0.39299999999999996,0.645,77.0,48.0,3.0,2.0,0.0,1.0,0.0,28.0,RF,Arb 1,3300000.0,Tampa-Bay-Rays
696,OF,Manuel Margot,25,47,159,145.0,19.0,39.0,9.0,0.0,1.0,11.0,12.0,4.0,13.0,25.0,0.26899999999999996,0.327,0.35200000000000004,0.679,91.0,51.0,0.0,0.0,0.0,1.0,0.0,25.0,CF,Arb 1,2475000.0,Tampa-Bay-Rays
698,C,Mike Zunino,29,28,84,75.0,8.0,11.0,4.0,0.0,4.0,10.0,0.0,0.0,6.0,37.0,0.147,0.23800000000000002,0.36,0.598,65.0,27.0,0.0,3.0,0.0,0.0,0.0,29.0,C,Arb 4,4500000.0,Tampa-Bay-Rays
701,OF,Randy Arozarena,25,23,76,64.0,15.0,18.0,2.0,0.0,7.0,11.0,4.0,0.0,6.0,22.0,0.281,0.382,0.6409999999999999,1.022,179.0,41.0,2.0,5.0,0.0,1.0,0.0,25.0,OF,Pre-Arb,563500.0,Tampa-Bay-Rays
702,C,Kevan Smith,32,17,38,31.0,3.0,8.0,3.0,0.0,1.0,8.0,0.0,0.0,5.0,11.0,0.258,0.37799999999999995,0.452,0.83,132.0,14.0,1.0,1.0,0.0,0.0,0.0,32.0,C,Arb 1,575000.0,Tampa-Bay-Rays
729,C,Gary Sanchez,27,49,178,156.0,19.0,23.0,4.0,0.0,10.0,24.0,0.0,0.0,18.0,64.0,0.147,0.253,0.365,0.618,69.0,57.0,6.0,4.0,0.0,0.0,0.0,27.0,C,Arb 1,5000000.0,New-York-Yankees
730,1B,Luke Voit,29,56,234,213.0,41.0,59.0,5.0,0.0,22.0,52.0,0.0,0.0,17.0,54.0,0.27699999999999997,0.33799999999999997,0.61,0.948,156.0,130.0,4.0,3.0,0.0,1.0,0.0,29.0,1B,Pre-Arb,634000.0,New-York-Yankees
732,SS,Gleyber Torres,23,42,160,136.0,17.0,33.0,8.0,0.0,3.0,16.0,1.0,0.0,22.0,28.0,0.243,0.35600000000000004,0.368,0.7240000000000001,102.0,50.0,5.0,2.0,0.0,0.0,0.0,23.0,SS,Pre-Arb,675500.0,New-York-Yankees
734,LF,Brett Gardner,36,49,158,130.0,20.0,29.0,5.0,1.0,5.0,15.0,3.0,3.0,26.0,35.0,0.223,0.354,0.392,0.747,108.0,51.0,0.0,1.0,0.0,1.0,0.0,36.0,CF,Vet,10000000.0,New-York-Yankees
735,CF,Aaron Hicks,30,54,211,169.0,28.0,38.0,10.0,2.0,6.0,21.0,4.0,1.0,41.0,38.0,0.225,0.379,0.414,0.7929999999999999,121.0,70.0,4.0,1.0,0.0,0.0,1.0,30.0,CF,Vet,10785714.0,New-York-Yankees
736,RF,Clint Frazier,25,39,160,131.0,24.0,35.0,6.0,1.0,8.0,26.0,3.0,0.0,25.0,44.0,0.267,0.39399999999999996,0.511,0.905,149.0,67.0,5.0,3.0,0.0,1.0,0.0,25.0,OF,Pre-Arb,588100.0,New-York-Yankees
737,DH,Giancarlo Stanton,30,23,94,76.0,12.0,19.0,7.0,0.0,4.0,11.0,1.0,1.0,15.0,27.0,0.25,0.387,0.5,0.887,144.0,38.0,4.0,2.0,0.0,0.0,1.0,30.0,DH,Vet,26000000.0,New-York-Yankees
738,RF,Aaron Judge,28,28,114,101.0,23.0,26.0,3.0,0.0,9.0,22.0,0.0,1.0,10.0,32.0,0.257,0.336,0.5539999999999999,0.8909999999999999,142.0,56.0,5.0,2.0,0.0,0.0,0.0,28.0,RF,Arb 1,8500000.0,New-York-Yankees
739,OF,Mike Tauchman,29,43,111,95.0,18.0,23.0,6.0,0.0,0.0,14.0,6.0,0.0,14.0,26.0,0.242,0.342,0.305,0.648,83.0,29.0,3.0,1.0,0.0,1.0,3.0,29.0,LF,Pre-Arb,603100.0,New-York-Yankees
740,MI,Tyler Wade,25,52,105,88.0,19.0,15.0,3.0,0.0,3.0,10.0,4.0,1.0,12.0,22.0,0.17,0.28800000000000003,0.307,0.595,66.0,27.0,1.0,3.0,1.0,1.0,0.0,25.0,2B,Pre-Arb,582800.0,New-York-Yankees
744,C,Kyle Higashioka,30,16,48,48.0,7.0,12.0,1.0,0.0,4.0,10.0,0.0,0.0,0.0,11.0,0.25,0.25,0.521,0.7709999999999999,106.0,25.0,0.0,0.0,0.0,0.0,0.0,30.0,C,Pre-Arb,579200.0,New-York-Yankees
772,C,Danny Jansen,25,43,147,120.0,18.0,22.0,3.0,0.0,6.0,20.0,0.0,0.0,21.0,31.0,0.183,0.313,0.358,0.6709999999999999,85.0,43.0,1.0,2.0,3.0,1.0,0.0,25.0,C,Pre-Arb,580900.0,Toronto-Blue-Jays
774,2B,Cavan Biggio,25,59,265,220.0,41.0,55.0,16.0,0.0,8.0,28.0,6.0,0.0,41.0,61.0,0.25,0.375,0.43200000000000005,0.807,122.0,95.0,2.0,3.0,0.0,0.0,0.0,25.0,2B,Pre-Arb,576600.0,Toronto-Blue-Jays
775,SS,Bo Bichette,22,29,128,123.0,18.0,37.0,9.0,1.0,5.0,23.0,4.0,1.0,5.0,27.0,0.301,0.32799999999999996,0.512,0.84,127.0,63.0,2.0,0.0,0.0,0.0,1.0,22.0,SS,Pre-Arb,570000.0,Toronto-Blue-Jays
776,3B,Travis Shaw,30,50,180,163.0,17.0,39.0,10.0,0.0,6.0,17.0,0.0,0.0,16.0,50.0,0.239,0.306,0.41100000000000003,0.7170000000000001,95.0,67.0,4.0,0.0,0.0,1.0,0.0,30.0,1B,Arb 2,4158000.0,Toronto-Blue-Jays
777,LF,Lourdes Gurriel Jr.,26,57,224,208.0,28.0,64.0,14.0,0.0,11.0,33.0,3.0,1.0,14.0,48.0,0.308,0.348,0.534,0.882,138.0,111.0,7.0,0.0,0.0,2.0,0.0,26.0,LF,Pre-Arb,2928571.0,Toronto-Blue-Jays
778,CF,Randal Grichuk,28,55,231,216.0,38.0,59.0,9.0,0.0,12.0,35.0,1.0,1.0,13.0,49.0,0.273,0.312,0.48100000000000004,0.7929999999999999,114.0,104.0,5.0,0.0,0.0,2.0,1.0,28.0,CF,Arb 3,13000000.0,Toronto-Blue-Jays
779,RF,Teoscar Hernandez,27,50,207,190.0,33.0,55.0,7.0,0.0,16.0,34.0,6.0,1.0,14.0,63.0,0.289,0.34,0.579,0.919,146.0,110.0,4.0,1.0,0.0,1.0,0.0,27.0,DH,Pre-Arb,602200.0,Toronto-Blue-Jays
780,DH,Rowdy Tellez,25,35,127,113.0,20.0,32.0,5.0,0.0,8.0,23.0,0.0,1.0,11.0,20.0,0.28300000000000003,0.34600000000000003,0.54,0.8859999999999999,139.0,61.0,1.0,1.0,0.0,2.0,1.0,25.0,1B,Pre-Arb,579600.0,Toronto-Blue-Jays
781,IF,Joe Panik,29,41,141,120.0,18.0,27.0,6.0,0.0,1.0,7.0,0.0,0.0,20.0,27.0,0.225,0.34,0.3,0.64,79.0,36.0,4.0,1.0,0.0,0.0,0.0,29.0,2B,Arb 3,2850000.0,Toronto-Blue-Jays
782,MI,Jonathan Villar,29,22,79,69.0,3.0,13.0,1.0,0.0,0.0,6.0,7.0,0.0,9.0,22.0,0.188,0.278,0.203,0.48100000000000004,36.0,14.0,0.0,0.0,0.0,1.0,0.0,29.0,CF,Arb 3,8200000.0,Toronto-Blue-Jays
786,OF,Derek Fisher,26,16,39,31.0,5.0,7.0,2.0,1.0,1.0,7.0,0.0,1.0,7.0,11.0,0.226,0.359,0.452,0.8109999999999999,122.0,14.0,0.0,0.0,0.0,1.0,0.0,26.0,RF,Pre-Arb,579600.0,Toronto-Blue-Jays
787,OF,Jonathan Davis,28,13,34,27.0,4.0,7.0,2.0,0.0,1.0,6.0,1.0,0.0,3.0,11.0,0.259,0.364,0.444,0.8079999999999999,121.0,12.0,1.0,2.0,0.0,1.0,0.0,28.0,CF,Pre-Arb,569000.0,Toronto-Blue-Jays
788,C,Alejandro Kirk,21,9,25,24.0,4.0,9.0,2.0,0.0,1.0,3.0,0.0,0.0,1.0,4.0,0.375,0.4,0.583,0.983,166.0,14.0,0.0,0.0,0.0,0.0,0.0,21.0,C,Pre-Arb,563500.0,Toronto-Blue-Jays
789,OF,Anthony Alford,25,13,16,16.0,3.0,3.0,0.0,0.0,1.0,3.0,3.0,0.0,0.0,7.0,0.188,0.188,0.375,0.563,49.0,6.0,0.0,0.0,0.0,0.0,0.0,25.0,OF,Pre-Arb,566800.0,Pittsburgh-Pirates
821,C,Pedro Severino,26,48,178,160.0,17.0,40.0,5.0,1.0,5.0,21.0,1.0,0.0,16.0,40.0,0.25,0.322,0.38799999999999996,0.71,95.0,62.0,3.0,1.0,1.0,0.0,0.0,26.0,C,Pre-Arb,576000.0,Baltimore-Orioles
822,1B,Renato Nunez,26,52,216,195.0,29.0,50.0,10.0,0.0,12.0,31.0,0.0,0.0,17.0,64.0,0.256,0.324,0.49200000000000005,0.816,121.0,96.0,4.0,3.0,0.0,1.0,0.0,26.0,3B,Pre-Arb,578000.0,Baltimore-Orioles
823,2B,Hanser Alberto,27,54,231,219.0,35.0,62.0,15.0,0.0,3.0,22.0,3.0,0.0,5.0,30.0,0.28300000000000003,0.306,0.39299999999999996,0.698,91.0,86.0,6.0,3.0,2.0,2.0,0.0,27.0,2B,Arb 1,1650000.0,Baltimore-Orioles
825,3B,Rio Ruiz,26,54,204,185.0,25.0,41.0,11.0,0.0,9.0,32.0,1.0,2.0,17.0,46.0,0.222,0.28600000000000003,0.42700000000000005,0.713,93.0,79.0,4.0,0.0,1.0,1.0,1.0,26.0,3B,Pre-Arb,573000.0,Baltimore-Orioles
826,LF,Ryan Mountcastle,23,35,140,126.0,12.0,42.0,5.0,0.0,5.0,23.0,0.0,1.0,11.0,30.0,0.33299999999999996,0.386,0.49200000000000005,0.878,140.0,62.0,2.0,1.0,0.0,2.0,0.0,23.0,SS,Pre-Arb,563500.0,Baltimore-Orioles
827,CF,Cedric Mullins,25,48,153,140.0,16.0,38.0,4.0,3.0,3.0,12.0,7.0,2.0,8.0,37.0,0.271,0.315,0.40700000000000003,0.723,97.0,57.0,0.0,1.0,4.0,0.0,0.0,25.0,CF,Pre-Arb,563500.0,Baltimore-Orioles
828,RF,Anthony Santander,25,37,165,153.0,24.0,40.0,13.0,1.0,11.0,32.0,0.0,1.0,10.0,25.0,0.261,0.315,0.575,0.89,138.0,88.0,2.0,2.0,0.0,0.0,3.0,25.0,LF,Pre-Arb,572500.0,Baltimore-Orioles
830,IF,Pat Valaika,27,52,150,141.0,24.0,39.0,4.0,0.0,8.0,16.0,0.0,2.0,8.0,34.0,0.27699999999999997,0.315,0.475,0.7909999999999999,114.0,67.0,3.0,0.0,1.0,0.0,0.0,27.0,SS,Pre-Arb,563500.0,Baltimore-Orioles
831,CF,Austin Hays,24,33,134,122.0,20.0,34.0,2.0,0.0,4.0,9.0,2.0,3.0,8.0,25.0,0.27899999999999997,0.32799999999999996,0.39299999999999996,0.722,98.0,48.0,1.0,2.0,0.0,2.0,0.0,24.0,CF,Pre-Arb,567500.0,Baltimore-Orioles
832,C,Chance Sisco,25,36,121,98.0,11.0,21.0,4.0,0.0,4.0,10.0,0.0,0.0,17.0,41.0,0.214,0.364,0.37799999999999995,0.741,105.0,37.0,1.0,6.0,0.0,0.0,0.0,25.0,C,Pre-Arb,571000.0,Baltimore-Orioles
835,1B,Chris Davis,34,16,55,52.0,3.0,6.0,3.0,0.0,0.0,1.0,0.0,0.0,3.0,17.0,0.115,0.16399999999999998,0.17300000000000001,0.337,-7.0,9.0,0.0,0.0,0.0,0.0,0.0,34.0,1B,Vet,21065362.0,Baltimore-Orioles
836,UT,Bryan Holaday,32,20,33,31.0,5.0,5.0,1.0,0.0,0.0,4.0,0.0,0.0,2.0,9.0,0.161,0.212,0.19399999999999998,0.406,13.0,6.0,1.0,0.0,0.0,0.0,0.0,32.0,C,Arb 3,575000.0,Baltimore-Orioles
837,MI,Ramon Urias,26,10,27,25.0,3.0,9.0,2.0,0.0,1.0,3.0,0.0,0.0,2.0,6.0,0.36,0.40700000000000003,0.56,0.9670000000000001,163.0,14.0,1.0,0.0,0.0,0.0,0.0,26.0,2B,Pre-Arb,575000.0,Baltimore-Orioles
866,C,Christian Vazquez,29,47,189,173.0,22.0,49.0,9.0,0.0,7.0,23.0,4.0,3.0,16.0,43.0,0.28300000000000003,0.344,0.457,0.8009999999999999,114.0,79.0,6.0,0.0,0.0,0.0,0.0,29.0,C,Arb 3,4200000.0,Boston-Red-Sox
867,1B,Michael Chavis,24,42,158,146.0,16.0,31.0,5.0,2.0,5.0,19.0,3.0,0.0,8.0,50.0,0.212,0.259,0.377,0.636,69.0,55.0,6.0,2.0,0.0,2.0,0.0,24.0,2B,Pre-Arb,571000.0,Boston-Red-Sox
869,SS,Xander Bogaerts,27,56,225,203.0,36.0,61.0,8.0,0.0,11.0,28.0,8.0,0.0,21.0,41.0,0.3,0.364,0.502,0.867,131.0,102.0,3.0,0.0,0.0,1.0,2.0,27.0,SS,Vet,20000000.0,Boston-Red-Sox
870,3B,Rafael Devers,23,57,248,232.0,32.0,61.0,16.0,1.0,11.0,43.0,0.0,0.0,13.0,67.0,0.263,0.31,0.483,0.7929999999999999,110.0,112.0,8.0,3.0,0.0,0.0,0.0,23.0,3B,Pre-Arb,692500.0,Boston-Red-Sox
871,LF,Andrew Benintendi,25,14,52,39.0,4.0,4.0,1.0,0.0,0.0,1.0,1.0,2.0,11.0,17.0,0.10300000000000001,0.314,0.128,0.442,27.0,5.0,1.0,1.0,1.0,0.0,0.0,25.0,LF,Arb 1,3400000.0,Boston-Red-Sox
872,CF,Jackie Bradley Jr.,30,55,217,191.0,32.0,54.0,11.0,0.0,7.0,22.0,5.0,2.0,23.0,48.0,0.28300000000000003,0.364,0.45,0.8140000000000001,118.0,86.0,2.0,2.0,0.0,1.0,1.0,30.0,CF,Arb 4,11000000.0,Boston-Red-Sox
873,RF,Alex Verdugo,24,53,221,201.0,36.0,62.0,16.0,0.0,6.0,15.0,4.0,0.0,17.0,45.0,0.308,0.36700000000000005,0.478,0.8440000000000001,126.0,96.0,4.0,2.0,0.0,1.0,1.0,24.0,RF,Pre-Arb,601500.0,Boston-Red-Sox
874,DH,J.D. Martinez,32,54,237,211.0,22.0,45.0,16.0,0.0,7.0,27.0,1.0,0.0,22.0,59.0,0.213,0.29100000000000004,0.389,0.68,81.0,82.0,6.0,2.0,0.0,2.0,3.0,32.0,DH,Vet,23750000.0,Boston-Red-Sox
875,RF,Kevin Pillar,31,30,126,117.0,20.0,32.0,7.0,2.0,4.0,13.0,1.0,1.0,8.0,23.0,0.27399999999999997,0.325,0.47,0.795,111.0,55.0,4.0,1.0,0.0,0.0,0.0,31.0,CF,Arb 3,4250000.0,Colorado-Rockies
876,1B,Bobby Dalbec,25,23,92,80.0,13.0,21.0,3.0,0.0,8.0,16.0,0.0,0.0,10.0,39.0,0.263,0.359,0.6,0.9590000000000001,152.0,48.0,0.0,2.0,0.0,0.0,0.0,25.0,3B,Pre-Arb,563500.0,Boston-Red-Sox
877,C,Kevin Plawecki,29,24,89,82.0,8.0,28.0,5.0,1.0,1.0,17.0,1.0,0.0,5.0,14.0,0.341,0.39299999999999996,0.46299999999999997,0.857,130.0,38.0,4.0,2.0,0.0,0.0,0.0,29.0,C,Arb 2,1000000.0,Boston-Red-Sox
878,2B,Jonathan Arauz,21,25,80,72.0,8.0,18.0,2.0,0.0,1.0,9.0,0.0,0.0,8.0,21.0,0.25,0.325,0.319,0.644,75.0,23.0,0.0,0.0,0.0,0.0,0.0,21.0,SS,Pre-Arb,563500.0,Boston-Red-Sox
879,1B,Mitch Moreland,34,22,79,67.0,14.0,22.0,4.0,0.0,8.0,21.0,0.0,0.0,11.0,18.0,0.32799999999999996,0.43,0.746,1.177,209.0,50.0,0.0,1.0,0.0,0.0,1.0,34.0,1B,Vet,2500000.0,San-Diego-Padres
880,UT,Tzu-Wei Lin,26,26,57,52.0,2.0,8.0,1.0,0.0,0.0,3.0,0.0,0.0,2.0,17.0,0.154,0.182,0.17300000000000001,0.355,-3.0,9.0,1.0,0.0,2.0,1.0,0.0,26.0,SS,Pre-Arb,570000.0,Boston-Red-Sox
881,2B,Christian Arroyo,25,14,54,50.0,7.0,12.0,1.0,0.0,3.0,8.0,0.0,0.0,4.0,11.0,0.24,0.29600000000000004,0.44,0.736,95.0,22.0,2.0,0.0,0.0,0.0,0.0,25.0,SS,Pre-Arb,565500.0,Boston-Red-Sox
882,OF,Yairo Munoz,25,12,45,45.0,6.0,15.0,5.0,0.0,1.0,4.0,2.0,0.0,0.0,11.0,0.33299999999999996,0.33299999999999996,0.511,0.8440000000000001,123.0,23.0,1.0,0.0,0.0,0.0,0.0,25.0,SS,Pre-Arb,575000.0,Boston-Red-Sox
883,OF,Cesar Puello,29,5,11,8.0,1.0,3.0,0.0,0.0,0.0,0.0,0.0,0.0,2.0,2.0,0.375,0.5,0.375,0.875,142.0,3.0,0.0,0.0,1.0,0.0,0.0,29.0,RF,Pre-Arb,563500.0,Boston-Red-Sox
913,C,Mitch Garver,29,23,81,72.0,8.0,12.0,1.0,0.0,2.0,5.0,0.0,0.0,7.0,37.0,0.16699999999999998,0.247,0.264,0.511,42.0,19.0,1.0,1.0,0.0,1.0,0.0,29.0,C,Pre-Arb,620000.0,Minnesota-Twins
914,1B,Miguel Sano,27,53,205,186.0,31.0,38.0,12.0,0.0,13.0,25.0,0.0,0.0,18.0,90.0,0.204,0.278,0.478,0.757,104.0,89.0,3.0,1.0,0.0,0.0,1.0,27.0,1B,Arb 2,7000000.0,Minnesota-Twins
915,2B,Luis Arraez,23,32,121,112.0,16.0,36.0,9.0,0.0,0.0,13.0,0.0,0.0,8.0,11.0,0.321,0.364,0.402,0.765,112.0,45.0,2.0,0.0,0.0,1.0,0.0,23.0,2B,Pre-Arb,596000.0,Minnesota-Twins
916,SS,Jorge Polanco,26,55,226,209.0,22.0,54.0,8.0,0.0,4.0,19.0,4.0,2.0,13.0,35.0,0.258,0.304,0.354,0.6579999999999999,82.0,74.0,7.0,1.0,2.0,1.0,0.0,26.0,SS,Arb 1,3833333.0,Minnesota-Twins
917,3B,Josh Donaldson,34,28,102,81.0,14.0,18.0,2.0,0.0,6.0,11.0,0.0,0.0,18.0,24.0,0.222,0.373,0.469,0.8420000000000001,131.0,38.0,4.0,2.0,0.0,1.0,1.0,34.0,3B,Vet,21000000.0,Minnesota-Twins
918,LF,Eddie Rosario,28,57,231,210.0,31.0,54.0,7.0,0.0,13.0,42.0,3.0,1.0,19.0,34.0,0.257,0.316,0.47600000000000003,0.792,115.0,100.0,3.0,0.0,0.0,2.0,2.0,28.0,LF,Arb 2,7750000.0,Minnesota-Twins
919,CF,Byron Buxton,26,39,135,130.0,19.0,33.0,3.0,0.0,13.0,27.0,2.0,1.0,2.0,36.0,0.254,0.267,0.5770000000000001,0.8440000000000001,124.0,75.0,2.0,1.0,0.0,2.0,0.0,26.0,CF,Arb 2,3075000.0,Minnesota-Twins
920,RF,Max Kepler,27,48,196,171.0,27.0,39.0,9.0,0.0,9.0,23.0,3.0,0.0,22.0,36.0,0.228,0.321,0.439,0.76,108.0,75.0,1.0,2.0,0.0,1.0,0.0,27.0,RF,Arb 2,6250000.0,Minnesota-Twins
921,DH,Nelson Cruz,39,53,214,185.0,33.0,56.0,6.0,0.0,16.0,33.0,0.0,0.0,25.0,58.0,0.303,0.397,0.595,0.992,169.0,110.0,8.0,4.0,0.0,0.0,5.0,40.0,DH,Vet,12000000.0,Minnesota-Twins
922,IF,Marwin Gonzalez,31,53,199,175.0,15.0,37.0,4.0,0.0,5.0,22.0,0.0,0.0,17.0,41.0,0.21100000000000002,0.28600000000000003,0.32,0.606,68.0,56.0,1.0,3.0,0.0,4.0,0.0,31.0,3B,Vet,9000000.0,Minnesota-Twins
923,CF,Jake Cave,27,42,123,113.0,17.0,25.0,3.0,2.0,4.0,15.0,0.0,2.0,5.0,44.0,0.221,0.285,0.389,0.674,84.0,44.0,0.0,5.0,0.0,0.0,0.0,27.0,RF,Pre-Arb,587500.0,Minnesota-Twins
924,IF,Ehire Adrianza,30,44,101,89.0,10.0,17.0,7.0,0.0,0.0,3.0,1.0,0.0,11.0,23.0,0.191,0.287,0.27,0.557,56.0,24.0,3.0,1.0,0.0,0.0,0.0,30.0,SS,Arb 4,1600000.0,Minnesota-Twins
925,C,Ryan Jeffers,23,26,62,55.0,5.0,15.0,0.0,0.0,3.0,7.0,0.0,0.0,5.0,19.0,0.273,0.355,0.436,0.7909999999999999,118.0,24.0,0.0,2.0,0.0,0.0,0.0,23.0,C,Pre-Arb,563500.0,Minnesota-Twins
926,C,Alex Avila,33,23,62,49.0,6.0,9.0,2.0,0.0,1.0,2.0,0.0,0.0,11.0,22.0,0.184,0.355,0.28600000000000003,0.6409999999999999,81.0,14.0,2.0,2.0,0.0,0.0,0.0,33.0,C,Vet,4250000.0,Minnesota-Twins
928,2B,Ildemaro Vargas,28,10,24,22.0,3.0,5.0,1.0,1.0,0.0,2.0,0.0,0.0,1.0,2.0,0.22699999999999998,0.25,0.364,0.614,67.0,8.0,1.0,0.0,0.0,1.0,0.0,28.0,2B,Pre-Arb,572600.0,Chicago-Cubs
929,OF,Brent Rooker,25,7,21,19.0,4.0,6.0,2.0,0.0,1.0,5.0,0.0,0.0,0.0,5.0,0.316,0.381,0.579,0.96,160.0,11.0,0.0,2.0,0.0,0.0,0.0,25.0,OF,Pre-Arb,563500.0,Minnesota-Twins
956,C,Yasmani Grandal,31,46,194,161.0,27.0,37.0,7.0,0.0,8.0,27.0,0.0,0.0,30.0,58.0,0.23,0.35100000000000003,0.42200000000000004,0.773,113.0,68.0,4.0,1.0,0.0,2.0,0.0,31.0,C,Vet,18250000.0,Chicago-White-Sox
958,2B,Nick Madrigal,23,29,109,103.0,8.0,35.0,3.0,0.0,0.0,11.0,2.0,1.0,4.0,7.0,0.34,0.376,0.369,0.745,108.0,38.0,5.0,2.0,0.0,0.0,0.0,23.0,SS,Pre-Arb,563500.0,Chicago-White-Sox
959,SS,Tim Anderson,27,49,221,208.0,45.0,67.0,11.0,1.0,10.0,21.0,5.0,2.0,10.0,50.0,0.322,0.35700000000000004,0.529,0.8859999999999999,141.0,110.0,4.0,2.0,0.0,1.0,0.0,27.0,SS,Pre-Arb,4000000.0,Chicago-White-Sox
960,3B,Yoan Moncada,25,52,231,200.0,28.0,45.0,8.0,3.0,6.0,24.0,0.0,0.0,28.0,72.0,0.225,0.32,0.385,0.705,94.0,77.0,1.0,1.0,0.0,2.0,0.0,25.0,3B,Pre-Arb,1800000.0,Chicago-White-Sox
961,LF,Eloy Jimenez,23,55,226,213.0,26.0,63.0,14.0,0.0,14.0,41.0,0.0,0.0,12.0,56.0,0.29600000000000004,0.332,0.5589999999999999,0.8909999999999999,140.0,119.0,4.0,0.0,0.0,1.0,0.0,23.0,LF,Pre-Arb,2333333.0,Chicago-White-Sox
962,CF,Luis Robert,22,56,227,202.0,33.0,47.0,8.0,0.0,11.0,31.0,9.0,2.0,20.0,73.0,0.233,0.302,0.436,0.738,101.0,88.0,4.0,1.0,0.0,2.0,0.0,22.0,CF,Pre-Arb,1500000.0,Chicago-White-Sox
963,RF,Nomar Mazara,25,42,149,136.0,13.0,31.0,6.0,0.0,1.0,15.0,0.0,1.0,10.0,44.0,0.228,0.295,0.294,0.589,64.0,40.0,0.0,3.0,0.0,0.0,0.0,25.0,RF,Arb 2,5560000.0,Chicago-White-Sox
964,DH,Edwin Encarnacion,37,44,181,159.0,19.0,25.0,5.0,0.0,10.0,19.0,0.0,0.0,16.0,54.0,0.157,0.25,0.377,0.627,70.0,60.0,3.0,4.0,0.0,1.0,0.0,37.0,DH,Vet,12000000.0,Chicago-White-Sox
966,C,James McCann,30,31,111,97.0,20.0,28.0,3.0,0.0,7.0,15.0,1.0,1.0,8.0,30.0,0.289,0.36,0.536,0.8959999999999999,144.0,52.0,2.0,4.0,0.0,2.0,0.0,30.0,C,Arb 3,5400000.0,Chicago-White-Sox
967,RF,Adam Engel,28,36,93,88.0,11.0,26.0,5.0,1.0,3.0,12.0,1.0,0.0,3.0,19.0,0.295,0.33299999999999996,0.47700000000000004,0.8109999999999999,121.0,42.0,1.0,2.0,0.0,0.0,0.0,28.0,CF,Pre-Arb,588000.0,Chicago-White-Sox
968,UT,Leury Garcia,29,16,63,59.0,6.0,16.0,1.0,0.0,3.0,8.0,0.0,0.0,4.0,9.0,0.271,0.317,0.441,0.758,107.0,26.0,0.0,0.0,0.0,0.0,0.0,29.0,OF,Arb 3,3250000.0,Chicago-White-Sox
970,IF,Yolmer Sanchez,28,11,21,16.0,7.0,5.0,3.0,0.0,1.0,1.0,0.0,0.0,5.0,5.0,0.313,0.47600000000000003,0.688,1.1640000000000001,217.0,11.0,1.0,0.0,0.0,0.0,0.0,28.0,3B,Arb 3,575000.0,Chicago-White-Sox
972,OF,Jarrod Dyson,35,11,11,10.0,3.0,3.0,0.0,0.0,0.0,0.0,2.0,0.0,0.0,1.0,0.3,0.3,0.3,0.6,67.0,3.0,0.0,0.0,1.0,0.0,0.0,35.0,CF,Vet,2000000.0,Chicago-White-Sox
1004,C,Roberto Perez,31,32,110,97.0,6.0,16.0,2.0,0.0,1.0,5.0,0.0,0.0,11.0,38.0,0.165,0.264,0.21600000000000003,0.48,33.0,21.0,2.0,2.0,0.0,0.0,0.0,31.0,C,Pre-Arb,3625000.0,Cleveland-Indians
1005,1B,Carlos Santana,34,60,255,206.0,34.0,41.0,7.0,0.0,8.0,30.0,0.0,0.0,47.0,43.0,0.19899999999999998,0.349,0.35,0.6990000000000001,91.0,72.0,5.0,1.0,0.0,1.0,1.0,34.0,1B,Vet,20833334.0,Cleveland-Indians
1006,2B,Cesar Hernandez,30,58,261,233.0,35.0,66.0,20.0,0.0,3.0,20.0,0.0,0.0,24.0,57.0,0.28300000000000003,0.355,0.408,0.763,106.0,95.0,3.0,2.0,1.0,0.0,0.0,30.0,2B,Arb 4,6343000.0,Cleveland-Indians
1007,SS,Francisco Lindor,26,60,266,236.0,30.0,61.0,13.0,0.0,8.0,27.0,6.0,2.0,24.0,41.0,0.258,0.335,0.415,0.75,102.0,98.0,8.0,4.0,0.0,2.0,2.0,26.0,SS,Arb 2,17500000.0,Cleveland-Indians
1008,3B,Jose Ramirez,27,58,254,219.0,45.0,64.0,16.0,1.0,17.0,46.0,10.0,3.0,31.0,43.0,0.292,0.386,0.607,0.993,163.0,133.0,2.0,3.0,0.0,1.0,0.0,27.0,3B,Arb 3,6850000.0,Cleveland-Indians
1009,LF,Jordan Luplow,26,29,92,78.0,8.0,15.0,5.0,1.0,2.0,8.0,0.0,1.0,12.0,19.0,0.192,0.304,0.359,0.6629999999999999,79.0,28.0,3.0,1.0,0.0,1.0,0.0,26.0,LF,Pre-Arb,574500.0,Cleveland-Indians
1010,CF,Delino DeShields,27,37,120,107.0,10.0,27.0,3.0,2.0,0.0,7.0,3.0,2.0,9.0,29.0,0.252,0.31,0.318,0.628,71.0,34.0,0.0,0.0,4.0,0.0,0.0,27.0,CF,Arb 2,1875000.0,Cleveland-Indians
1011,RF,Tyler Naquin,29,40,141,133.0,15.0,29.0,8.0,1.0,4.0,20.0,0.0,1.0,5.0,40.0,0.218,0.248,0.38299999999999995,0.632,68.0,51.0,3.0,1.0,0.0,2.0,0.0,29.0,RF,Arb 1,1450000.0,Cleveland-Indians
1012,DH,Franmil Reyes,24,59,241,211.0,27.0,58.0,10.0,0.0,9.0,34.0,0.0,0.0,24.0,69.0,0.275,0.344,0.45,0.795,113.0,95.0,6.0,1.0,0.0,5.0,0.0,24.0,DH,Pre-Arb,586400.0,Cleveland-Indians
1013,CF,Oscar Mercado,25,36,93,86.0,6.0,11.0,1.0,0.0,1.0,6.0,3.0,0.0,5.0,27.0,0.128,0.174,0.174,0.348,-5.0,15.0,0.0,0.0,1.0,1.0,0.0,25.0,CF,Pre-Arb,573400.0,Cleveland-Indians
1015,C,Sandy Leon,31,25,81,66.0,4.0,9.0,1.0,0.0,2.0,4.0,0.0,0.0,14.0,21.0,0.136,0.29600000000000004,0.242,0.539,49.0,16.0,2.0,1.0,0.0,0.0,0.0,31.0,C,Arb 4,2000000.0,Cleveland-Indians
1016,LF,Josh Naylor,23,22,66,61.0,9.0,14.0,3.0,0.0,0.0,2.0,0.0,0.0,4.0,8.0,0.23,0.27699999999999997,0.27899999999999997,0.556,52.0,17.0,0.0,0.0,0.0,0.0,0.0,23.0,1B,Pre-Arb,568500.0,Cleveland-Indians
1018,UT,Mike Freeman,32,24,43,38.0,5.0,9.0,3.0,0.0,0.0,3.0,0.0,0.0,3.0,11.0,0.237,0.302,0.316,0.618,68.0,12.0,0.0,1.0,0.0,1.0,0.0,32.0,2B,Pre-Arb,575000.0,Cleveland-Indians
1023,C,Austin Hedges,27,6,12,12.0,0.0,1.0,0.0,0.0,0.0,0.0,0.0,0.0,0.0,5.0,0.083,0.083,0.083,0.16699999999999998,-54.0,1.0,0.0,0.0,0.0,0.0,0.0,27.0,C,Arb 2,3000000.0,Cleveland-Indians
1043,C,Salvador Perez,30,37,156,150.0,22.0,50.0,12.0,0.0,11.0,32.0,1.0,0.0,3.0,36.0,0.33299999999999996,0.353,0.633,0.986,161.0,95.0,0.0,2.0,0.0,1.0,0.0,30.0,C,Vet,14200000.0,Kansas-City-Royals
1044,1B,Hunter Dozier,28,44,186,158.0,29.0,36.0,4.0,2.0,6.0,12.0,4.0,0.0,27.0,48.0,0.228,0.344,0.392,0.736,101.0,62.0,3.0,1.0,0.0,0.0,0.0,28.0,RF,Pre-Arb,610500.0,Kansas-City-Royals
1046,SS,Adalberto Mondesi,24,59,233,219.0,33.0,56.0,11.0,3.0,6.0,22.0,24.0,8.0,11.0,70.0,0.256,0.294,0.41600000000000004,0.71,91.0,91.0,4.0,1.0,2.0,0.0,0.0,24.0,SS,Pre-Arb,604500.0,Kansas-City-Royals
1047,3B,Maikel Franco,27,60,243,223.0,23.0,62.0,16.0,0.0,8.0,38.0,1.0,0.0,16.0,38.0,0.278,0.321,0.457,0.778,109.0,102.0,4.0,0.0,0.0,4.0,1.0,27.0,3B,Arb 3,3340000.0,Kansas-City-Royals
1048,LF,Alex Gordon,36,50,184,163.0,15.0,34.0,4.0,0.0,4.0,11.0,0.0,0.0,18.0,37.0,0.209,0.299,0.307,0.606,66.0,50.0,0.0,3.0,0.0,0.0,0.0,36.0,LF,Vet,4000000.0,Kansas-City-Royals
1049,CF,Bubba Starling,27,35,64,59.0,5.0,10.0,1.0,0.0,1.0,5.0,0.0,0.0,4.0,27.0,0.16899999999999998,0.21899999999999997,0.237,0.456,25.0,14.0,0.0,0.0,0.0,1.0,0.0,27.0,CF,Pre-Arb,568250.0,Kansas-City-Royals
1050,RF,Whit Merrifield,31,60,265,248.0,38.0,70.0,12.0,0.0,9.0,30.0,12.0,3.0,12.0,33.0,0.282,0.325,0.44,0.764,106.0,109.0,3.0,4.0,0.0,1.0,0.0,31.0,CF,Arb 1,5000000.0,Kansas-City-Royals
1051,DH,Jorge Soler,28,43,174,149.0,17.0,34.0,8.0,0.0,8.0,24.0,0.0,0.0,19.0,60.0,0.228,0.326,0.44299999999999995,0.769,107.0,66.0,3.0,3.0,0.0,1.0,0.0,28.0,DH,Arb 1,7300000.0,Kansas-City-Royals
1052,1B,Ryan O'Hearn,26,42,132,113.0,7.0,22.0,6.0,0.0,2.0,18.0,0.0,0.0,18.0,37.0,0.195,0.303,0.301,0.604,66.0,34.0,5.0,0.0,0.0,1.0,2.0,26.0,1B,Pre-Arb,576950.0,Kansas-City-Royals
1054,OF,Edward Olivares,24,18,65,62.0,5.0,17.0,1.0,1.0,2.0,7.0,0.0,1.0,2.0,11.0,0.27399999999999997,0.292,0.419,0.7120000000000001,91.0,26.0,1.0,0.0,0.0,1.0,0.0,24.0,OF,Pre-Arb,563500.0,Kansas-City-Royals
1056,OF,Franchy Cordero,25,16,42,38.0,7.0,8.0,3.0,0.0,2.0,7.0,1.0,0.0,4.0,4.0,0.21100000000000002,0.28600000000000003,0.447,0.733,96.0,17.0,1.0,0.0,0.0,0.0,0.0,25.0,CF,Pre-Arb,571100.0,Kansas-City-Royals
1059,OF,Nick Heath,26,15,18,13.0,2.0,2.0,1.0,0.0,0.0,3.0,2.0,2.0,2.0,6.0,0.154,0.313,0.231,0.5429999999999999,53.0,3.0,0.0,1.0,1.0,0.0,0.0,26.0,OF,Pre-Arb,563500.0,Kansas-City-Royals
1091,C,Austin Romine,31,37,135,130.0,12.0,31.0,5.0,0.0,2.0,17.0,0.0,0.0,4.0,47.0,0.23800000000000002,0.259,0.32299999999999995,0.5820000000000001,58.0,42.0,3.0,0.0,0.0,1.0,0.0,31.0,C,Vet,4150000.0,Detroit-Tigers
1092,1B,Jeimer Candelario,26,52,206,185.0,30.0,55.0,11.0,3.0,7.0,29.0,1.0,1.0,20.0,49.0,0.297,0.369,0.503,0.872,135.0,93.0,3.0,1.0,0.0,0.0,0.0,26.0,3B,Pre-Arb,583300.0,Detroit-Tigers
1093,2B,Jonathan Schoop,28,44,177,162.0,26.0,45.0,4.0,2.0,8.0,23.0,0.0,0.0,8.0,39.0,0.278,0.324,0.475,0.799,115.0,77.0,8.0,4.0,0.0,2.0,0.0,28.0,2B,Vet,6100000.0,Detroit-Tigers
1094,SS,Niko Goodrum,28,43,179,158.0,15.0,29.0,7.0,1.0,5.0,20.0,7.0,1.0,18.0,69.0,0.184,0.263,0.335,0.598,62.0,53.0,4.0,0.0,0.0,3.0,0.0,28.0,SS,Pre-Arb,698200.0,Detroit-Tigers
1095,3B,Isaac Paredes,21,34,108,100.0,7.0,22.0,4.0,0.0,1.0,6.0,0.0,0.0,8.0,24.0,0.22,0.278,0.29,0.568,56.0,29.0,1.0,0.0,0.0,0.0,0.0,21.0,INF,Pre-Arb,563500.0,Detroit-Tigers
1098,RF,Daz Cameron,23,17,59,57.0,4.0,11.0,2.0,1.0,0.0,3.0,1.0,0.0,2.0,19.0,0.193,0.22,0.263,0.483,32.0,15.0,1.0,0.0,0.0,0.0,0.0,23.0,OF,Pre-Arb,563500.0,Detroit-Tigers
1099,DH,Miguel Cabrera,37,57,231,204.0,28.0,51.0,4.0,0.0,10.0,35.0,1.0,0.0,24.0,51.0,0.25,0.32899999999999996,0.41700000000000004,0.746,102.0,85.0,3.0,1.0,0.0,2.0,1.0,37.0,DH,Vet,30000000.0,Detroit-Tigers
1100,CF,Victor Reyes,25,57,213,202.0,30.0,56.0,7.0,2.0,4.0,14.0,8.0,2.0,9.0,45.0,0.27699999999999997,0.315,0.391,0.706,92.0,79.0,4.0,2.0,0.0,0.0,0.0,25.0,RF,Pre-Arb,573900.0,Detroit-Tigers
1101,SS,Willi Castro,23,36,140,129.0,21.0,45.0,4.0,2.0,6.0,24.0,0.0,1.0,7.0,38.0,0.349,0.381,0.55,0.932,150.0,71.0,0.0,1.0,1.0,2.0,0.0,23.0,SS,Pre-Arb,563500.0,Detroit-Tigers
1102,OF,Jorge Bonifacio,27,30,94,86.0,8.0,19.0,3.0,0.0,2.0,17.0,0.0,0.0,5.0,26.0,0.221,0.27699999999999997,0.326,0.602,64.0,28.0,1.0,2.0,0.0,1.0,0.0,27.0,RF,Pre-Arb,563500.0,Detroit-Tigers
1104,UT,Harold Castro,26,22,54,49.0,6.0,17.0,4.0,0.0,0.0,3.0,0.0,0.0,5.0,11.0,0.34700000000000003,0.40700000000000003,0.429,0.836,129.0,21.0,1.0,0.0,0.0,0.0,0.0,26.0,3B,Pre-Arb,570700.0,Detroit-Tigers
1105,1B,C.J. Cron,30,13,52,42.0,9.0,8.0,3.0,0.0,4.0,8.0,0.0,0.0,9.0,16.0,0.19,0.34600000000000003,0.5479999999999999,0.894,139.0,23.0,2.0,1.0,0.0,0.0,0.0,30.0,1B,Arb 3,6100000.0,Detroit-Tigers
1106,RF,Cameron Maybin,33,14,45,41.0,5.0,10.0,4.0,0.0,1.0,2.0,0.0,0.0,4.0,13.0,0.244,0.311,0.415,0.726,96.0,17.0,3.0,0.0,0.0,0.0,0.0,33.0,RF,Vet,1500000.0,Chicago-Cubs
1108,IF,Sergio Alcantara,23,10,23,21.0,2.0,3.0,0.0,1.0,1.0,1.0,0.0,0.0,2.0,4.0,0.14300000000000002,0.217,0.381,0.598,59.0,8.0,0.0,0.0,0.0,0.0,0.0,23.0,2B,Pre-Arb,563500.0,Detroit-Tigers
1109,C,Eric Haase,27,7,19,17.0,1.0,3.0,0.0,0.0,0.0,2.0,0.0,0.0,1.0,6.0,0.17600000000000002,0.21100000000000002,0.17600000000000002,0.387,8.0,3.0,0.0,0.0,0.0,1.0,0.0,27.0,C,Pre-Arb,565400.0,Detroit-Tigers
1110,UT,Brandon Dixon,28,5,14,13.0,0.0,1.0,1.0,0.0,0.0,2.0,0.0,0.0,1.0,4.0,0.077,0.14300000000000002,0.154,0.297,-19.0,2.0,1.0,0.0,0.0,0.0,0.0,28.0,1B,Pre-Arb,575000.0,Detroit-Tigers
1111,DH,Derek Hill,24,15,12,11.0,3.0,1.0,0.0,0.0,0.0,0.0,0.0,0.0,1.0,6.0,0.091,0.16699999999999998,0.091,0.258,-26.0,1.0,0.0,0.0,0.0,0.0,0.0,24.0,OF,Pre-Arb,563500.0,Detroit-Tigers
1136,C,Sean Murphy,25,43,140,116.0,21.0,27.0,5.0,0.0,7.0,14.0,0.0,0.0,24.0,37.0,0.233,0.364,0.457,0.821,131.0,53.0,6.0,0.0,0.0,0.0,0.0,25.0,C,Pre-Arb,563500.0,Oakland-Athletics
1137,1B,Matt Olson,26,60,245,210.0,28.0,41.0,4.0,1.0,14.0,42.0,1.0,0.0,34.0,77.0,0.195,0.31,0.424,0.7340000000000001,105.0,89.0,2.0,1.0,0.0,0.0,2.0,26.0,1B,Pre-Arb,603500.0,Oakland-Athletics
1138,2B,Tony Kemp,28,49,114,93.0,15.0,23.0,5.0,0.0,0.0,4.0,3.0,1.0,15.0,14.0,0.247,0.363,0.301,0.664,92.0,28.0,0.0,3.0,1.0,2.0,0.0,28.0,2B,Pre-Arb,597100.0,Oakland-Athletics
1139,SS,Marcus Semien,29,53,236,211.0,28.0,47.0,9.0,1.0,7.0,23.0,4.0,0.0,25.0,50.0,0.223,0.305,0.374,0.679,91.0,79.0,3.0,0.0,0.0,0.0,0.0,29.0,SS,Arb 3,13000000.0,Oakland-Athletics
1140,3B,Matt Chapman,27,37,152,142.0,22.0,33.0,9.0,2.0,10.0,25.0,0.0,0.0,8.0,54.0,0.23199999999999998,0.276,0.535,0.812,122.0,76.0,2.0,1.0,0.0,1.0,0.0,27.0,3B,Pre-Arb,623500.0,Oakland-Athletics
1141,LF,Robbie Grossman,30,51,192,166.0,23.0,40.0,12.0,2.0,8.0,23.0,8.0,1.0,21.0,38.0,0.24100000000000002,0.344,0.48200000000000004,0.826,130.0,80.0,1.0,5.0,0.0,0.0,2.0,30.0,OF,Arb 3,3725000.0,Oakland-Athletics
1142,CF,Ramon Laureano,25,54,222,183.0,27.0,39.0,8.0,1.0,6.0,25.0,2.0,1.0,24.0,58.0,0.213,0.33799999999999997,0.366,0.7040000000000001,100.0,67.0,7.0,12.0,0.0,3.0,0.0,25.0,OF,Pre-Arb,568500.0,Oakland-Athletics
1143,RF,Stephen Piscotty,29,45,171,159.0,17.0,36.0,6.0,0.0,5.0,29.0,4.0,0.0,9.0,53.0,0.226,0.271,0.358,0.629,76.0,57.0,4.0,1.0,1.0,1.0,0.0,29.0,RF,Arb 2,7333333.0,Oakland-Athletics
1144,DH,Khris Davis,32,30,99,85.0,9.0,17.0,5.0,0.0,2.0,10.0,0.0,0.0,10.0,26.0,0.2,0.303,0.32899999999999996,0.632,79.0,28.0,5.0,3.0,0.0,1.0,0.0,32.0,DH,Vet,16750000.0,Oakland-Athletics
1145,OF,Mark Canha,31,59,243,191.0,32.0,47.0,12.0,2.0,5.0,33.0,4.0,0.0,37.0,54.0,0.24600000000000002,0.387,0.408,0.795,126.0,78.0,2.0,10.0,0.0,5.0,1.0,31.0,LF,Arb 2,4800000.0,Oakland-Athletics
1146,2B,Tommy La Stella,31,27,111,97.0,16.0,28.0,6.0,2.0,1.0,11.0,0.0,0.0,12.0,5.0,0.289,0.369,0.423,0.792,124.0,41.0,3.0,1.0,0.0,1.0,0.0,31.0,2B,Arb 3,3250000.0,Oakland-Athletics
1147,IF,Vimael Machin,26,24,71,63.0,11.0,13.0,2.0,0.0,0.0,0.0,0.0,0.0,8.0,10.0,0.20600000000000002,0.29600000000000004,0.23800000000000002,0.534,54.0,15.0,4.0,0.0,0.0,0.0,0.0,26.0,2B,Pre-Arb,563500.0,Oakland-Athletics
1148,IF,Chad Pinder,28,24,61,56.0,8.0,13.0,3.0,0.0,2.0,8.0,0.0,0.0,5.0,13.0,0.23199999999999998,0.295,0.39299999999999996,0.688,93.0,22.0,3.0,0.0,0.0,0.0,0.0,28.0,LF,Arb 1,2025000.0,Oakland-Athletics
1149,3B,Jake Lamb,29,13,49,45.0,5.0,12.0,4.0,0.0,3.0,9.0,0.0,0.0,2.0,8.0,0.267,0.327,0.556,0.882,143.0,25.0,1.0,2.0,0.0,0.0,0.0,29.0,1B,Arb 3,563500.0,Oakland-Athletics
1150,C,Jonah Heim,25,13,41,38.0,5.0,8.0,0.0,0.0,0.0,5.0,0.0,0.0,3.0,3.0,0.21100000000000002,0.268,0.21100000000000002,0.479,39.0,8.0,1.0,0.0,0.0,0.0,0.0,25.0,C,Pre-Arb,563500.0,Oakland-Athletics
1152,MI,Franklin Barreto,24,15,10,10.0,5.0,0.0,0.0,0.0,0.0,0.0,0.0,0.0,0.0,7.0,0.0,0.0,0.0,0.0,-100.0,0.0,0.0,0.0,0.0,0.0,0.0,24.0,SS,Pre-Arb,568500.0,Los-Angeles-Angels
1153,MI,Nate Orf,30,6,7,7.0,1.0,0.0,0.0,0.0,0.0,0.0,0.0,0.0,0.0,1.0,0.0,0.0,0.0,0.0,-100.0,0.0,0.0,0.0,0.0,0.0,0.0,30.0,2B,Pre-Arb,563500.0,Oakland-Athletics
1174,C,Martin Maldonado,33,47,165,135.0,19.0,29.0,4.0,0.0,6.0,24.0,1.0,0.0,27.0,51.0,0.215,0.35,0.37799999999999995,0.727,98.0,51.0,2.0,1.0,2.0,0.0,0.0,33.0,C,Vet,3500000.0,Houston-Astros
1176,2B,Jose Altuve,30,48,210,192.0,32.0,42.0,9.0,0.0,5.0,18.0,2.0,3.0,17.0,39.0,0.21899999999999997,0.28600000000000003,0.344,0.629,71.0,66.0,5.0,1.0,0.0,0.0,0.0,30.0,2B,Vet,29000000.0,Houston-Astros
1177,SS,Carlos Correa,25,58,221,201.0,22.0,53.0,9.0,0.0,5.0,25.0,0.0,0.0,16.0,49.0,0.264,0.326,0.38299999999999995,0.7090000000000001,92.0,77.0,4.0,3.0,0.0,1.0,2.0,25.0,SS,Arb 2,8000000.0,Houston-Astros
1178,3B,Alex Bregman,26,42,180,153.0,19.0,37.0,12.0,1.0,6.0,22.0,0.0,0.0,24.0,26.0,0.242,0.35,0.451,0.8009999999999999,116.0,69.0,2.0,2.0,0.0,1.0,1.0,26.0,3B,Arb 1,12666666.0,Houston-Astros
1179,LF,Kyle Tucker,23,58,228,209.0,33.0,56.0,12.0,6.0,9.0,42.0,8.0,1.0,18.0,46.0,0.268,0.325,0.512,0.8370000000000001,123.0,107.0,2.0,0.0,0.0,1.0,2.0,23.0,LF,Pre-Arb,568700.0,Houston-Astros
1180,CF,George Springer,30,51,222,189.0,37.0,50.0,6.0,2.0,14.0,32.0,1.0,2.0,24.0,38.0,0.265,0.359,0.54,0.899,140.0,102.0,3.0,5.0,0.0,2.0,0.0,30.0,CF,Arb 4,21000000.0,Houston-Astros
1181,RF,Josh Reddick,33,56,210,188.0,22.0,46.0,11.0,1.0,4.0,23.0,1.0,0.0,20.0,42.0,0.245,0.316,0.37799999999999995,0.693,88.0,71.0,5.0,0.0,0.0,1.0,0.0,33.0,RF,Vet,13000000.0,Houston-Astros
1182,DH,Michael Brantley,33,46,187,170.0,24.0,51.0,15.0,0.0,5.0,22.0,2.0,0.0,17.0,28.0,0.3,0.364,0.47600000000000003,0.84,126.0,81.0,3.0,0.0,0.0,0.0,0.0,33.0,LF,Vet,16000000.0,Houston-Astros
1184,CF,Myles Straw,25,33,86,82.0,8.0,17.0,4.0,0.0,0.0,8.0,6.0,2.0,4.0,22.0,0.207,0.244,0.256,0.5,37.0,21.0,0.0,0.0,0.0,0.0,0.0,25.0,CF,Pre-Arb,571300.0,Houston-Astros
1186,IF,Jack Mayfield,29,21,47,42.0,5.0,8.0,1.0,0.0,0.0,3.0,0.0,0.0,2.0,14.0,0.19,0.239,0.214,0.45299999999999996,25.0,9.0,1.0,1.0,1.0,1.0,0.0,29.0,2B,Pre-Arb,563500.0,Houston-Astros
1187,C,Dustin Garneau,32,17,46,38.0,4.0,6.0,0.0,1.0,1.0,4.0,0.0,0.0,6.0,15.0,0.158,0.273,0.289,0.562,54.0,11.0,1.0,0.0,2.0,0.0,0.0,32.0,C,Pre-Arb,659300.0,Houston-Astros
1217,C,Austin Nola,30,29,110,98.0,15.0,30.0,5.0,1.0,5.0,19.0,0.0,0.0,9.0,17.0,0.306,0.373,0.531,0.903,152.0,52.0,1.0,2.0,0.0,1.0,1.0,30.0,C,Pre-Arb,570800.0,San-Diego-Padres
1218,1B,Evan White,24,54,202,182.0,19.0,32.0,7.0,0.0,8.0,26.0,1.0,2.0,18.0,84.0,0.17600000000000002,0.252,0.34600000000000003,0.599,67.0,63.0,3.0,1.0,0.0,1.0,0.0,24.0,1B,Pre-Arb,1300000.0,Seattle-Mariners
1219,2B,Shed Long,24,34,128,117.0,10.0,20.0,5.0,0.0,3.0,9.0,4.0,0.0,11.0,37.0,0.171,0.242,0.29100000000000004,0.5329999999999999,50.0,34.0,1.0,0.0,0.0,0.0,0.0,24.0,2B,Pre-Arb,567600.0,Seattle-Mariners
1220,SS,J.P. Crawford,25,53,232,204.0,33.0,52.0,7.0,2.0,2.0,24.0,6.0,3.0,23.0,39.0,0.255,0.336,0.33799999999999997,0.674,92.0,69.0,4.0,3.0,0.0,2.0,0.0,25.0,SS,Pre-Arb,575800.0,Seattle-Mariners
1221,3B,Kyle Seager,32,60,248,203.0,35.0,49.0,12.0,0.0,9.0,40.0,5.0,0.0,32.0,33.0,0.24100000000000002,0.355,0.433,0.7879999999999999,122.0,88.0,4.0,7.0,0.0,6.0,3.0,32.0,3B,Vet,19500000.0,Seattle-Mariners
1222,LF,Jose Marmolejos,27,35,115,107.0,12.0,22.0,4.0,0.0,6.0,18.0,0.0,1.0,7.0,32.0,0.20600000000000002,0.261,0.41100000000000003,0.672,86.0,44.0,2.0,1.0,0.0,0.0,0.0,27.0,1B,Pre-Arb,563500.0,Seattle-Mariners
1223,CF,Kyle Lewis,24,58,242,206.0,37.0,54.0,3.0,0.0,11.0,28.0,5.0,1.0,34.0,71.0,0.262,0.364,0.43700000000000006,0.8009999999999999,126.0,90.0,5.0,0.0,0.0,2.0,0.0,24.0,LF,Pre-Arb,565000.0,Seattle-Mariners
1226,UT,Dylan Moore,27,38,159,137.0,26.0,35.0,9.0,0.0,8.0,17.0,12.0,5.0,14.0,43.0,0.255,0.358,0.496,0.855,139.0,68.0,4.0,8.0,0.0,0.0,0.0,27.0,SS,Pre-Arb,570100.0,Seattle-Mariners
1227,IF,Ty France,25,23,94,86.0,10.0,26.0,5.0,1.0,2.0,13.0,0.0,0.0,6.0,22.0,0.302,0.36200000000000004,0.45299999999999996,0.815,129.0,39.0,2.0,2.0,0.0,0.0,0.0,25.0,3B,Pre-Arb,567100.0,Seattle-Mariners
1229,C,Luis Torrens,24,18,65,59.0,5.0,15.0,4.0,0.0,1.0,6.0,0.0,0.0,6.0,13.0,0.254,0.32299999999999995,0.373,0.696,97.0,22.0,1.0,0.0,0.0,0.0,0.0,24.0,C,Pre-Arb,568800.0,Seattle-Mariners
1231,UT,Sam Haggerty,26,13,54,50.0,7.0,13.0,4.0,0.0,1.0,6.0,4.0,0.0,4.0,16.0,0.26,0.315,0.4,0.715,101.0,20.0,0.0,0.0,0.0,0.0,0.0,26.0,2B,Pre-Arb,563800.0,Seattle-Mariners
1233,C,Joseph Odom,28,18,44,39.0,2.0,5.0,0.0,0.0,0.0,2.0,0.0,0.0,4.0,20.0,0.128,0.209,0.128,0.33799999999999997,-1.0,5.0,1.0,0.0,1.0,0.0,0.0,28.0,C,Pre-Arb,563500.0,Seattle-Mariners
1234,OF,Braden Bishop,26,12,34,30.0,2.0,5.0,2.0,0.0,0.0,4.0,1.0,0.0,2.0,10.0,0.16699999999999998,0.242,0.233,0.47600000000000003,36.0,7.0,0.0,1.0,1.0,0.0,0.0,26.0,CF,Pre-Arb,563500.0,Seattle-Mariners
1235,OF,Jake Fraley,25,7,29,26.0,3.0,4.0,1.0,1.0,0.0,0.0,2.0,1.0,2.0,11.0,0.154,0.24100000000000002,0.26899999999999996,0.511,45.0,7.0,0.0,1.0,0.0,0.0,0.0,25.0,RF,Pre-Arb,563800.0,Seattle-Mariners
1236,C,Joe Hudson,29,9,20,17.0,0.0,3.0,0.0,0.0,0.0,0.0,0.0,0.0,2.0,5.0,0.17600000000000002,0.263,0.17600000000000002,0.44,29.0,3.0,0.0,0.0,1.0,0.0,0.0,29.0,C,Pre-Arb,563500.0,Seattle-Mariners
1266,C,Max Stassi,29,31,105,90.0,12.0,25.0,2.0,0.0,7.0,20.0,0.0,0.0,11.0,21.0,0.278,0.35200000000000004,0.5329999999999999,0.8859999999999999,139.0,48.0,5.0,1.0,0.0,3.0,0.0,29.0,C,Arb 1,800000.0,Los-Angeles-Angels
1267,1B,Albert Pujols,40,39,163,152.0,15.0,34.0,8.0,0.0,6.0,25.0,0.0,0.0,9.0,25.0,0.22399999999999998,0.27,0.395,0.665,80.0,60.0,4.0,1.0,0.0,1.0,1.0,40.0,1B,Vet,29000000.0,Los-Angeles-Angels
1268,2B,Luis Rengifo,23,33,106,90.0,12.0,14.0,1.0,0.0,1.0,3.0,3.0,1.0,14.0,26.0,0.156,0.26899999999999996,0.2,0.469,33.0,18.0,2.0,0.0,2.0,0.0,0.0,23.0,SS,Pre-Arb,570000.0,Los-Angeles-Angels
1270,3B,Anthony Rendon,30,52,232,189.0,29.0,54.0,11.0,1.0,9.0,31.0,0.0,0.0,38.0,31.0,0.28600000000000003,0.418,0.49700000000000005,0.915,151.0,94.0,10.0,5.0,0.0,0.0,2.0,30.0,3B,Vet,26071428.0,Los-Angeles-Angels
1271,LF,Justin Upton,32,42,166,147.0,20.0,30.0,5.0,0.0,9.0,22.0,0.0,2.0,11.0,43.0,0.204,0.289,0.42200000000000004,0.711,93.0,62.0,6.0,7.0,0.0,1.0,0.0,32.0,LF,Vet,21000000.0,Los-Angeles-Angels
1272,CF,Mike Trout,28,53,241,199.0,41.0,56.0,9.0,2.0,17.0,46.0,1.0,1.0,35.0,56.0,0.281,0.39,0.603,0.993,168.0,120.0,1.0,3.0,0.0,4.0,4.0,28.0,CF,Vet,37766667.0,Los-Angeles-Angels
1274,DH,Shohei Ohtani,25,44,175,153.0,23.0,29.0,6.0,0.0,7.0,24.0,7.0,1.0,22.0,50.0,0.19,0.29100000000000004,0.366,0.657,80.0,56.0,3.0,0.0,0.0,0.0,0.0,25.0,DH,Pre-Arb,700000.0,Los-Angeles-Angels
1275,SS,David Fletcher,26,49,230,207.0,31.0,66.0,13.0,0.0,3.0,18.0,2.0,1.0,20.0,25.0,0.319,0.376,0.425,0.8009999999999999,121.0,88.0,4.0,0.0,1.0,2.0,0.0,26.0,2B,Pre-Arb,593500.0,Los-Angeles-Angels
1276,IF,Tommy La Stella,31,28,117,99.0,15.0,27.0,8.0,0.0,4.0,14.0,1.0,0.0,15.0,7.0,0.273,0.371,0.475,0.845,131.0,47.0,3.0,1.0,1.0,1.0,0.0,31.0,2B,Arb 3,3250000.0,Oakland-Athletics
1277,OF,Brian Goodwin,29,30,109,95.0,12.0,23.0,7.0,1.0,4.0,17.0,1.0,0.0,12.0,35.0,0.242,0.33,0.46299999999999997,0.7929999999999999,116.0,44.0,0.0,1.0,0.0,1.0,1.0,29.0,RF,Arb 1,2200000.0,Cincinnati-Reds
1278,1B,Jared Walsh,26,32,108,99.0,19.0,29.0,4.0,2.0,9.0,26.0,0.0,0.0,5.0,15.0,0.293,0.324,0.6459999999999999,0.971,158.0,64.0,0.0,1.0,0.0,3.0,0.0,26.0,1B,Pre-Arb,563500.0,Los-Angeles-Angels
1279,OF,Taylor Ward,26,34,102,94.0,16.0,26.0,6.0,2.0,0.0,5.0,2.0,0.0,8.0,28.0,0.27699999999999997,0.33299999999999996,0.38299999999999995,0.716,97.0,36.0,1.0,0.0,0.0,0.0,0.0,26.0,3B,Pre-Arb,566500.0,Los-Angeles-Angels
1280,C,Jason Castro,33,18,62,52.0,5.0,10.0,4.0,0.0,2.0,6.0,0.0,0.0,10.0,23.0,0.192,0.32299999999999995,0.385,0.7070000000000001,94.0,20.0,1.0,0.0,0.0,0.0,0.0,33.0,C,Vet,6850000.0,San-Diego-Padres
1281,C,Anthony Bemboom,30,21,60,48.0,9.0,10.0,1.0,0.0,3.0,5.0,0.0,1.0,7.0,13.0,0.20800000000000002,0.32799999999999996,0.41700000000000004,0.7440000000000001,103.0,20.0,0.0,2.0,2.0,1.0,0.0,30.0,C,Pre-Arb,563500.0,Los-Angeles-Angels
1283,UT,Franklin Barreto,24,6,18,17.0,0.0,2.0,0.0,0.0,0.0,2.0,1.0,0.0,0.0,8.0,0.11800000000000001,0.16699999999999998,0.11800000000000001,0.284,-19.0,2.0,0.0,1.0,0.0,0.0,0.0,24.0,SS,Pre-Arb,568500.0,Los-Angeles-Angels
1285,MI,Elliot Soto,30,3,7,6.0,2.0,2.0,1.0,0.0,0.0,0.0,0.0,0.0,1.0,1.0,0.33299999999999996,0.429,0.5,0.929,155.0,3.0,0.0,0.0,0.0,0.0,0.0,30.0,SS,Pre-Arb,563500.0,Los-Angeles-Angels
1286,2B,Jahmai Jones,22,3,7,7.0,2.0,3.0,0.0,0.0,0.0,1.0,0.0,0.0,0.0,2.0,0.429,0.429,0.429,0.857,138.0,3.0,0.0,0.0,0.0,0.0,0.0,22.0,OF,Pre-Arb,563500.0,Los-Angeles-Angels
1311,C,Jeff Mathis,37,24,68,62.0,6.0,10.0,1.0,1.0,3.0,9.0,1.0,0.0,5.0,24.0,0.161,0.221,0.355,0.575,54.0,22.0,0.0,0.0,0.0,1.0,0.0,37.0,C,Vet,3000000.0,Texas-Rangers
1312,1B,Ronald Guzman,25,26,86,78.0,10.0,19.0,1.0,1.0,4.0,9.0,1.0,0.0,7.0,24.0,0.244,0.314,0.436,0.75,102.0,34.0,0.0,1.0,0.0,0.0,0.0,25.0,1B,Pre-Arb,588000.0,Texas-Rangers
1313,2B,Rougned Odor,26,38,148,138.0,15.0,23.0,4.0,0.0,10.0,30.0,0.0,1.0,7.0,47.0,0.16699999999999998,0.209,0.413,0.623,64.0,57.0,2.0,1.0,0.0,2.0,0.0,26.0,2B,Pre-Arb,9333333.0,Texas-Rangers
1314,SS,Elvis Andrus,31,29,111,103.0,11.0,20.0,5.0,0.0,3.0,7.0,3.0,1.0,8.0,15.0,0.19399999999999998,0.252,0.33,0.5820000000000001,58.0,34.0,5.0,0.0,0.0,0.0,0.0,31.0,SS,Vet,15250000.0,Texas-Rangers
1315,3B,Isiah Kiner-Falefa,25,58,228,211.0,28.0,59.0,4.0,3.0,3.0,10.0,8.0,5.0,14.0,32.0,0.28,0.32899999999999996,0.37,0.6990000000000001,91.0,78.0,6.0,2.0,0.0,1.0,0.0,25.0,3B,Pre-Arb,587000.0,Texas-Rangers
1316,LF,Nick Solak,25,58,233,209.0,27.0,56.0,10.0,0.0,2.0,23.0,7.0,1.0,18.0,42.0,0.268,0.326,0.344,0.6709999999999999,84.0,72.0,6.0,2.0,0.0,4.0,0.0,25.0,2B,Pre-Arb,565500.0,Texas-Rangers
1318,RF,Joey Gallo,26,57,226,193.0,23.0,35.0,8.0,0.0,10.0,26.0,2.0,0.0,29.0,79.0,0.18100000000000002,0.301,0.37799999999999995,0.679,84.0,73.0,0.0,4.0,0.0,0.0,2.0,26.0,RF,Arb 1,4400000.0,Texas-Rangers
1319,DH,Willie Calhoun,25,29,108,100.0,3.0,19.0,2.0,1.0,1.0,13.0,0.0,0.0,5.0,17.0,0.19,0.231,0.26,0.491,34.0,26.0,1.0,1.0,0.0,2.0,0.0,25.0,LF,Pre-Arb,577000.0,Texas-Rangers
1320,LF,Shin-Soo Choo,37,33,127,110.0,13.0,26.0,3.0,0.0,5.0,15.0,6.0,2.0,13.0,33.0,0.23600000000000002,0.32299999999999995,0.4,0.723,96.0,44.0,1.0,2.0,0.0,2.0,1.0,37.0,DH,Vet,21000000.0,Texas-Rangers
1321,CI,Todd Frazier,34,31,121,108.0,11.0,26.0,7.0,1.0,2.0,7.0,1.0,1.0,10.0,26.0,0.24100000000000002,0.322,0.38,0.7020000000000001,91.0,41.0,0.0,3.0,0.0,0.0,0.0,34.0,3B,Vet,3500000.0,New-York-Mets
1322,C,Jose Trevino,27,24,83,76.0,10.0,19.0,8.0,0.0,2.0,9.0,0.0,0.0,3.0,15.0,0.25,0.28,0.434,0.715,91.0,33.0,1.0,1.0,1.0,2.0,0.0,27.0,C,Pre-Arb,565500.0,Texas-Rangers
1323,SS,Anderson Tejeda,22,23,77,75.0,7.0,19.0,4.0,1.0,3.0,8.0,4.0,1.0,2.0,30.0,0.253,0.273,0.45299999999999996,0.726,93.0,34.0,2.0,0.0,0.0,0.0,0.0,22.0,SS,Pre-Arb,563500.0,Texas-Rangers
1324,IF,Derek Dietrich,30,25,75,61.0,9.0,12.0,1.0,0.0,5.0,8.0,1.0,1.0,9.0,21.0,0.19699999999999998,0.34700000000000003,0.45899999999999996,0.8059999999999999,118.0,28.0,4.0,5.0,0.0,0.0,0.0,30.0,2B,Arb 4,575000.0,Texas-Rangers
1327,OF,Eli White,26,19,52,48.0,5.0,9.0,2.0,0.0,0.0,3.0,1.0,1.0,3.0,16.0,0.188,0.231,0.22899999999999998,0.46,27.0,11.0,0.0,0.0,0.0,1.0,0.0,26.0,SS,Pre-Arb,563500.0,Texas-Rangers
1328,C,Robinson Chirinos,36,14,49,42.0,3.0,5.0,1.0,0.0,0.0,2.0,0.0,0.0,5.0,12.0,0.11900000000000001,0.22399999999999998,0.14300000000000002,0.36700000000000005,4.0,6.0,3.0,1.0,0.0,1.0,0.0,36.0,C,Vet,5750000.0,New-York-Mets
1330,C,Sam Huff,22,10,33,31.0,5.0,11.0,3.0,0.0,3.0,4.0,0.0,0.0,2.0,11.0,0.355,0.39399999999999996,0.742,1.136,200.0,23.0,0.0,0.0,0.0,0.0,0.0,22.0,C,Pre-Arb,563500.0,Texas-Rangers
1331,CI,Sherten Apostel,21,7,21,20.0,1.0,2.0,1.0,0.0,0.0,0.0,0.0,0.0,1.0,9.0,0.1,0.14300000000000002,0.15,0.293,-20.0,3.0,0.0,0.0,0.0,0.0,0.0,21.0,3B,Pre-Arb,563500.0,Texas-Rangers
1334,DH,Andrew Romine,34,2,4,4.0,1.0,1.0,1.0,0.0,0.0,0.0,0.0,0.0,0.0,1.0,0.25,0.25,0.5,0.75,97.0,2.0,0.0,0.0,0.0,0.0,0.0,34.0,SS,Vet,575000.0,Texas-Rangers
